seed,fitness_str,muh_fun,method,coverage,width,muh_test
0,blue,RF,split,0.955,0.7113169449435479,0.45924720173594424
0,blue,RF,weighted_split,0.955,0.7113169449435479,0.45924720173594424
0,blue,RF,JAW-FCS,0.935,0.34375735512754185,0.45924720173594424
0,blue,RF,JAW-SCS,0.935,0.34375735512754185,0.45924720173594424
0,blue,RF,jackknife+,0.935,0.34375735512754185,0.45924720173594424
0,blue,RF,CV+_K8,0.935,0.35461638295461073,0.45924720173594424
0,blue,RF,wCV_FCS_K8,0.935,0.3587203412101481,0.45924720173594424
0,blue,RF,wCV_SCS_K8,0.935,0.3587203412101481,0.45924720173594424
0,blue,RF,JAW_FCS_KLOO_rep_K8,0.905,0.39241868429526705,0.45924720173594424
0,blue,RF,JAW_SCS_KLOO_rep_K8,0.905,0.39030625402008046,0.45924720173594424
0,blue,RF,JAW_FCS_KLOO_det_K8,1.0,inf,0.45924720173594424
0,blue,RF,JAW_SCS_KLOO_det_K8,1.0,inf,0.45924720173594424
0,blue,RF,CV+_K12,0.935,0.3492453894541734,0.45924720173594424
0,blue,RF,wCV_FCS_K12,0.935,0.3533037982156963,0.45924720173594424
0,blue,RF,wCV_SCS_K12,0.935,0.3533037982156963,0.45924720173594424
0,blue,RF,JAW_FCS_KLOO_rep_K12,0.905,0.3724277300382958,0.45924720173594424
0,blue,RF,JAW_SCS_KLOO_rep_K12,0.895,0.3636586979150436,0.45924720173594424
0,blue,RF,JAW_FCS_KLOO_det_K12,0.98,inf,0.45924720173594424
0,blue,RF,JAW_SCS_KLOO_det_K12,0.98,inf,0.45924720173594424
0,blue,RF,CV+_K16,0.94,0.3651677298230661,0.45924720173594424
0,blue,RF,wCV_FCS_K16,0.94,0.3719098055688893,0.45924720173594424
0,blue,RF,wCV_SCS_K16,0.94,0.3719098055688893,0.45924720173594424
0,blue,RF,JAW_FCS_KLOO_rep_K16,0.93,0.4164626136268994,0.45924720173594424
0,blue,RF,JAW_SCS_KLOO_rep_K16,0.935,0.45846861843926856,0.45924720173594424
0,blue,RF,JAW_FCS_KLOO_det_K16,0.98,inf,0.45924720173594424
0,blue,RF,JAW_SCS_KLOO_det_K16,0.98,inf,0.45924720173594424
0,blue,RF,CV+_K24,0.94,0.416911453340983,0.45924720173594424
0,blue,RF,wCV_FCS_K24,0.94,0.42314516948603054,0.45924720173594424
0,blue,RF,wCV_SCS_K24,0.94,0.42314516948603054,0.45924720173594424
0,blue,RF,JAW_FCS_KLOO_rep_K24,0.915,0.3780161616638674,0.45924720173594424
0,blue,RF,JAW_SCS_KLOO_rep_K24,0.925,0.3783181230746389,0.45924720173594424
0,blue,RF,JAW_FCS_KLOO_det_K24,0.96,0.5794048044988251,0.45924720173594424
0,blue,RF,JAW_SCS_KLOO_det_K24,0.96,0.5794048044988251,0.45924720173594424
0,blue,RF,CV+_K32,0.94,0.3546034164398991,0.45924720173594424
0,blue,RF,wCV_FCS_K32,0.94,0.3604299503883536,0.45924720173594424
0,blue,RF,wCV_SCS_K32,0.94,0.3604299503883536,0.45924720173594424
0,blue,RF,JAW_FCS_KLOO_rep_K32,0.905,0.35535315111395793,0.45924720173594424
0,blue,RF,JAW_SCS_KLOO_rep_K32,0.92,0.36979646218767515,0.45924720173594424
0,blue,RF,JAW_FCS_KLOO_det_K32,0.97,0.6623302703876848,0.45924720173594424
0,blue,RF,JAW_SCS_KLOO_det_K32,0.97,0.6623302703876848,0.45924720173594424
0,blue,RF,CV+_K48,0.93,0.35060868668551426,0.45924720173594424
0,blue,RF,wCV_FCS_K48,0.93,0.35425711953430755,0.45924720173594424
0,blue,RF,wCV_SCS_K48,0.93,0.35425711953430755,0.45924720173594424
0,blue,RF,JAW_FCS_KLOO_rep_K48,0.915,0.3613132496825164,0.45924720173594424
0,blue,RF,JAW_SCS_KLOO_rep_K48,0.93,0.3657740547367146,0.45924720173594424
0,blue,RF,JAW_FCS_KLOO_det_K48,0.97,0.6619617899290902,0.45924720173594424
0,blue,RF,JAW_SCS_KLOO_det_K48,0.97,0.6619617899290902,0.45924720173594424
0,blue,RF,CV+_K96,0.94,0.4023169389063488,0.45924720173594424
0,blue,RF,wCV_FCS_K96,0.94,0.4103664972976986,0.45924720173594424
0,blue,RF,wCV_SCS_K96,0.94,0.4103664972976986,0.45924720173594424
0,blue,RF,JAW_FCS_KLOO_rep_K96,0.935,0.35153162917146497,0.45924720173594424
0,blue,RF,JAW_SCS_KLOO_rep_K96,0.93,0.3545403552785441,0.45924720173594424
0,blue,RF,JAW_FCS_KLOO_det_K96,0.94,0.4027843777979082,0.45924720173594424
0,blue,RF,JAW_SCS_KLOO_det_K96,0.94,0.4027843777979082,0.45924720173594424
0,blue,RF,CV+_K192,0.93,0.36496260990031815,0.45924720173594424
0,blue,RF,wCV_FCS_K192,0.93,0.3703792446257964,0.45924720173594424
0,blue,RF,wCV_SCS_K192,0.93,0.3703792446257964,0.45924720173594424
0,blue,RF,JAW_FCS_KLOO_rep_K192,0.93,0.3482178841248416,0.45924720173594424
0,blue,RF,JAW_SCS_KLOO_rep_K192,0.94,0.34870602437922726,0.45924720173594424
0,blue,RF,JAW_FCS_KLOO_det_K192,0.935,0.34375735512754185,0.45924720173594424
0,blue,RF,JAW_SCS_KLOO_det_K192,0.935,0.34375735512754185,0.45924720173594424
1,blue,RF,split,0.91,0.2612778105864524,0.4381073728199514
1,blue,RF,weighted_split,0.91,0.2612778105864524,0.4381073728199514
1,blue,RF,JAW-FCS,0.895,0.27744394345616746,0.4381073728199514
1,blue,RF,JAW-SCS,0.895,0.27744394345616746,0.4381073728199514
1,blue,RF,jackknife+,0.895,0.27744394345616746,0.4381073728199514
1,blue,RF,CV+_K8,0.9,0.24946567439098633,0.4381073728199514
1,blue,RF,wCV_FCS_K8,0.905,0.2578710953170672,0.4381073728199514
1,blue,RF,wCV_SCS_K8,0.905,0.2578710953170672,0.4381073728199514
1,blue,RF,JAW_FCS_KLOO_rep_K8,0.89,0.30809688532756263,0.4381073728199514
1,blue,RF,JAW_SCS_KLOO_rep_K8,0.9,0.3300742036308909,0.4381073728199514
1,blue,RF,JAW_FCS_KLOO_det_K8,1.0,inf,0.4381073728199514
1,blue,RF,JAW_SCS_KLOO_det_K8,1.0,inf,0.4381073728199514
1,blue,RF,CV+_K12,0.895,0.2470019285955805,0.4381073728199514
1,blue,RF,wCV_FCS_K12,0.895,0.24884220164909662,0.4381073728199514
1,blue,RF,wCV_SCS_K12,0.895,0.24884220164909662,0.4381073728199514
1,blue,RF,JAW_FCS_KLOO_rep_K12,0.915,0.33068567850018415,0.4381073728199514
1,blue,RF,JAW_SCS_KLOO_rep_K12,0.89,0.3547451281150582,0.4381073728199514
1,blue,RF,JAW_FCS_KLOO_det_K12,0.93,inf,0.4381073728199514
1,blue,RF,JAW_SCS_KLOO_det_K12,0.93,inf,0.4381073728199514
1,blue,RF,CV+_K16,0.885,0.24439291344924757,0.4381073728199514
1,blue,RF,wCV_FCS_K16,0.89,0.24794822209553952,0.4381073728199514
1,blue,RF,wCV_SCS_K16,0.89,0.24794822209553952,0.4381073728199514
1,blue,RF,JAW_FCS_KLOO_rep_K16,0.905,0.37609171985610906,0.4381073728199514
1,blue,RF,JAW_SCS_KLOO_rep_K16,0.925,0.3803001855525747,0.4381073728199514
1,blue,RF,JAW_FCS_KLOO_det_K16,0.97,inf,0.4381073728199514
1,blue,RF,JAW_SCS_KLOO_det_K16,0.97,inf,0.4381073728199514
1,blue,RF,CV+_K24,0.905,0.2627542073782435,0.4381073728199514
1,blue,RF,wCV_FCS_K24,0.91,0.26874972308945977,0.4381073728199514
1,blue,RF,wCV_SCS_K24,0.91,0.26874972308945977,0.4381073728199514
1,blue,RF,JAW_FCS_KLOO_rep_K24,0.895,0.33385682374324555,0.4381073728199514
1,blue,RF,JAW_SCS_KLOO_rep_K24,0.91,0.3194896144799014,0.4381073728199514
1,blue,RF,JAW_FCS_KLOO_det_K24,0.94,0.37257905391661283,0.4381073728199514
1,blue,RF,JAW_SCS_KLOO_det_K24,0.94,0.37257905391661283,0.4381073728199514
1,blue,RF,CV+_K32,0.89,0.24378686422270612,0.4381073728199514
1,blue,RF,wCV_FCS_K32,0.895,0.2467038019319519,0.4381073728199514
1,blue,RF,wCV_SCS_K32,0.895,0.2467038019319519,0.4381073728199514
1,blue,RF,JAW_FCS_KLOO_rep_K32,0.905,0.30764578629714234,0.4381073728199514
1,blue,RF,JAW_SCS_KLOO_rep_K32,0.9,0.31815297524278874,0.4381073728199514
1,blue,RF,JAW_FCS_KLOO_det_K32,0.95,0.43542471097975255,0.4381073728199514
1,blue,RF,JAW_SCS_KLOO_det_K32,0.95,0.43542471097975255,0.4381073728199514
1,blue,RF,CV+_K48,0.9,0.2680651513292157,0.4381073728199514
1,blue,RF,wCV_FCS_K48,0.9,0.2717183027901823,0.4381073728199514
1,blue,RF,wCV_SCS_K48,0.9,0.2717183027901823,0.4381073728199514
1,blue,RF,JAW_FCS_KLOO_rep_K48,0.91,0.31710849720350365,0.4381073728199514
1,blue,RF,JAW_SCS_KLOO_rep_K48,0.9,0.3123011439998126,0.4381073728199514
1,blue,RF,JAW_FCS_KLOO_det_K48,0.955,0.4260144038688938,0.4381073728199514
1,blue,RF,JAW_SCS_KLOO_det_K48,0.955,0.4260144038688938,0.4381073728199514
1,blue,RF,CV+_K96,0.89,0.24452835328090117,0.4381073728199514
1,blue,RF,wCV_FCS_K96,0.89,0.250744446934197,0.4381073728199514
1,blue,RF,wCV_SCS_K96,0.89,0.250744446934197,0.4381073728199514
1,blue,RF,JAW_FCS_KLOO_rep_K96,0.895,0.30629544812834464,0.4381073728199514
1,blue,RF,JAW_SCS_KLOO_rep_K96,0.89,0.2989794804181136,0.4381073728199514
1,blue,RF,JAW_FCS_KLOO_det_K96,0.915,0.36160865295067124,0.4381073728199514
1,blue,RF,JAW_SCS_KLOO_det_K96,0.915,0.36160865295067124,0.4381073728199514
1,blue,RF,CV+_K192,0.88,0.24763375833702228,0.4381073728199514
1,blue,RF,wCV_FCS_K192,0.885,0.2513127255029019,0.4381073728199514
1,blue,RF,wCV_SCS_K192,0.885,0.2513127255029019,0.4381073728199514
1,blue,RF,JAW_FCS_KLOO_rep_K192,0.9,0.28545376420884855,0.4381073728199514
1,blue,RF,JAW_SCS_KLOO_rep_K192,0.895,0.28913035800065223,0.4381073728199514
1,blue,RF,JAW_FCS_KLOO_det_K192,0.895,0.27744394345616746,0.4381073728199514
1,blue,RF,JAW_SCS_KLOO_det_K192,0.895,0.27744394345616746,0.4381073728199514
2,blue,RF,split,0.925,0.6508007965839425,0.47594616612995866
2,blue,RF,weighted_split,0.925,0.6508007965839425,0.47594616612995866
2,blue,RF,JAW-FCS,0.98,0.4818730046439274,0.47594616612995866
2,blue,RF,JAW-SCS,0.98,0.4818730046439274,0.47594616612995866
2,blue,RF,jackknife+,0.98,0.4818730046439274,0.47594616612995866
2,blue,RF,CV+_K8,0.99,0.4807356578286218,0.47594616612995866
2,blue,RF,wCV_FCS_K8,0.99,0.48860058755286806,0.47594616612995866
2,blue,RF,wCV_SCS_K8,0.99,0.48860058755286806,0.47594616612995866
2,blue,RF,JAW_FCS_KLOO_rep_K8,0.965,0.5567896803696192,0.47594616612995866
2,blue,RF,JAW_SCS_KLOO_rep_K8,0.935,0.5345715482255072,0.47594616612995866
2,blue,RF,JAW_FCS_KLOO_det_K8,1.0,inf,0.47594616612995866
2,blue,RF,JAW_SCS_KLOO_det_K8,1.0,inf,0.47594616612995866
2,blue,RF,CV+_K12,0.975,0.45583509515400833,0.47594616612995866
2,blue,RF,wCV_FCS_K12,0.98,0.46252168038221275,0.47594616612995866
2,blue,RF,wCV_SCS_K12,0.98,0.46252168038221275,0.47594616612995866
2,blue,RF,JAW_FCS_KLOO_rep_K12,0.97,0.5221402133802444,0.47594616612995866
2,blue,RF,JAW_SCS_KLOO_rep_K12,0.935,0.5629018488277617,0.47594616612995866
2,blue,RF,JAW_FCS_KLOO_det_K12,1.0,inf,0.47594616612995866
2,blue,RF,JAW_SCS_KLOO_det_K12,1.0,inf,0.47594616612995866
2,blue,RF,CV+_K16,0.97,0.4225827066708666,0.47594616612995866
2,blue,RF,wCV_FCS_K16,0.97,0.42654687183186135,0.47594616612995866
2,blue,RF,wCV_SCS_K16,0.97,0.42654687183186135,0.47594616612995866
2,blue,RF,JAW_FCS_KLOO_rep_K16,0.97,0.6833501678124538,0.47594616612995866
2,blue,RF,JAW_SCS_KLOO_rep_K16,0.98,0.6197571072666033,0.47594616612995866
2,blue,RF,JAW_FCS_KLOO_det_K16,1.0,inf,0.47594616612995866
2,blue,RF,JAW_SCS_KLOO_det_K16,1.0,inf,0.47594616612995866
2,blue,RF,CV+_K24,0.98,0.4345168894996507,0.47594616612995866
2,blue,RF,wCV_FCS_K24,0.985,0.4388502067865061,0.47594616612995866
2,blue,RF,wCV_SCS_K24,0.985,0.4388502067865061,0.47594616612995866
2,blue,RF,JAW_FCS_KLOO_rep_K24,0.965,0.5715564309759827,0.47594616612995866
2,blue,RF,JAW_SCS_KLOO_rep_K24,0.97,0.5904346557138095,0.47594616612995866
2,blue,RF,JAW_FCS_KLOO_det_K24,1.0,0.6409268206759566,0.47594616612995866
2,blue,RF,JAW_SCS_KLOO_det_K24,1.0,0.6409268206759566,0.47594616612995866
2,blue,RF,CV+_K32,0.98,0.4704339419741732,0.47594616612995866
2,blue,RF,wCV_FCS_K32,0.985,0.4778385065018491,0.47594616612995866
2,blue,RF,wCV_SCS_K32,0.985,0.4778385065018491,0.47594616612995866
2,blue,RF,JAW_FCS_KLOO_rep_K32,0.975,0.5312140647865418,0.47594616612995866
2,blue,RF,JAW_SCS_KLOO_rep_K32,0.965,0.5334683012293333,0.47594616612995866
2,blue,RF,JAW_FCS_KLOO_det_K32,0.98,0.5657160875757246,0.47594616612995866
2,blue,RF,JAW_SCS_KLOO_det_K32,0.98,0.5657160875757246,0.47594616612995866
2,blue,RF,CV+_K48,0.975,0.4518979117727824,0.47594616612995866
2,blue,RF,wCV_FCS_K48,0.975,0.45742349663714454,0.47594616612995866
2,blue,RF,wCV_SCS_K48,0.975,0.45742349663714454,0.47594616612995866
2,blue,RF,JAW_FCS_KLOO_rep_K48,0.95,0.5279638793521535,0.47594616612995866
2,blue,RF,JAW_SCS_KLOO_rep_K48,0.98,0.49844374110110123,0.47594616612995866
2,blue,RF,JAW_FCS_KLOO_det_K48,0.98,0.5248070903930945,0.47594616612995866
2,blue,RF,JAW_SCS_KLOO_det_K48,0.98,0.5248070903930945,0.47594616612995866
2,blue,RF,CV+_K96,0.96,0.3999380258228411,0.47594616612995866
2,blue,RF,wCV_FCS_K96,0.965,0.4055948449280745,0.47594616612995866
2,blue,RF,wCV_SCS_K96,0.965,0.4055948449280745,0.47594616612995866
2,blue,RF,JAW_FCS_KLOO_rep_K96,0.98,0.5080547833006134,0.47594616612995866
2,blue,RF,JAW_SCS_KLOO_rep_K96,0.975,0.4955272435273229,0.47594616612995866
2,blue,RF,JAW_FCS_KLOO_det_K96,1.0,0.5979093868936722,0.47594616612995866
2,blue,RF,JAW_SCS_KLOO_det_K96,1.0,0.5979093868936722,0.47594616612995866
2,blue,RF,CV+_K192,0.975,0.45255998995434976,0.47594616612995866
2,blue,RF,wCV_FCS_K192,0.975,0.4585177300017781,0.47594616612995866
2,blue,RF,wCV_SCS_K192,0.975,0.4585177300017781,0.47594616612995866
2,blue,RF,JAW_FCS_KLOO_rep_K192,0.985,0.4872562389722633,0.47594616612995866
2,blue,RF,JAW_SCS_KLOO_rep_K192,0.98,0.4872096976676874,0.47594616612995866
2,blue,RF,JAW_FCS_KLOO_det_K192,0.98,0.4818730046439274,0.47594616612995866
2,blue,RF,JAW_SCS_KLOO_det_K192,0.98,0.4818730046439274,0.47594616612995866
3,blue,RF,split,0.945,0.8386832867418472,0.4095697893280682
3,blue,RF,weighted_split,0.945,0.8386832867418472,0.4095697893280682
3,blue,RF,JAW-FCS,0.92,0.3765397039582772,0.4095697893280682
3,blue,RF,JAW-SCS,0.92,0.3765397039582772,0.4095697893280682
3,blue,RF,jackknife+,0.92,0.3765397039582772,0.4095697893280682
3,blue,RF,CV+_K8,0.92,0.3685410865380432,0.4095697893280682
3,blue,RF,wCV_FCS_K8,0.92,0.37504286746909343,0.4095697893280682
3,blue,RF,wCV_SCS_K8,0.92,0.37504286746909343,0.4095697893280682
3,blue,RF,JAW_FCS_KLOO_rep_K8,0.945,0.439763262337899,0.4095697893280682
3,blue,RF,JAW_SCS_KLOO_rep_K8,0.945,0.4391042337167418,0.4095697893280682
3,blue,RF,JAW_FCS_KLOO_det_K8,1.0,inf,0.4095697893280682
3,blue,RF,JAW_SCS_KLOO_det_K8,1.0,inf,0.4095697893280682
3,blue,RF,CV+_K12,0.92,0.377306686721659,0.4095697893280682
3,blue,RF,wCV_FCS_K12,0.925,0.38428896111836774,0.4095697893280682
3,blue,RF,wCV_SCS_K12,0.925,0.38428896111836774,0.4095697893280682
3,blue,RF,JAW_FCS_KLOO_rep_K12,0.905,0.4888220225457107,0.4095697893280682
3,blue,RF,JAW_SCS_KLOO_rep_K12,0.915,0.4544394518852587,0.4095697893280682
3,blue,RF,JAW_FCS_KLOO_det_K12,0.945,inf,0.4095697893280682
3,blue,RF,JAW_SCS_KLOO_det_K12,0.945,inf,0.4095697893280682
3,blue,RF,CV+_K16,0.925,0.33196819998661325,0.4095697893280682
3,blue,RF,wCV_FCS_K16,0.925,0.3419731196428533,0.4095697893280682
3,blue,RF,wCV_SCS_K16,0.925,0.3419731196428533,0.4095697893280682
3,blue,RF,JAW_FCS_KLOO_rep_K16,0.94,0.6360907994241359,0.4095697893280682
3,blue,RF,JAW_SCS_KLOO_rep_K16,0.94,0.6408906380391746,0.4095697893280682
3,blue,RF,JAW_FCS_KLOO_det_K16,0.995,inf,0.4095697893280682
3,blue,RF,JAW_SCS_KLOO_det_K16,0.995,inf,0.4095697893280682
3,blue,RF,CV+_K24,0.92,0.34288584007861783,0.4095697893280682
3,blue,RF,wCV_FCS_K24,0.925,0.35440486257226456,0.4095697893280682
3,blue,RF,wCV_SCS_K24,0.925,0.35440486257226456,0.4095697893280682
3,blue,RF,JAW_FCS_KLOO_rep_K24,0.93,0.4787433420957544,0.4095697893280682
3,blue,RF,JAW_SCS_KLOO_rep_K24,0.94,0.46035790436511664,0.4095697893280682
3,blue,RF,JAW_FCS_KLOO_det_K24,0.95,0.573081187503161,0.4095697893280682
3,blue,RF,JAW_SCS_KLOO_det_K24,0.95,0.573081187503161,0.4095697893280682
3,blue,RF,CV+_K32,0.95,0.39963821039032954,0.4095697893280682
3,blue,RF,wCV_FCS_K32,0.955,0.41040900728135576,0.4095697893280682
3,blue,RF,wCV_SCS_K32,0.955,0.41040900728135576,0.4095697893280682
3,blue,RF,JAW_FCS_KLOO_rep_K32,0.925,0.46872350152202075,0.4095697893280682
3,blue,RF,JAW_SCS_KLOO_rep_K32,0.925,0.43253016643403064,0.4095697893280682
3,blue,RF,JAW_FCS_KLOO_det_K32,0.95,0.573081187503161,0.4095697893280682
3,blue,RF,JAW_SCS_KLOO_det_K32,0.95,0.573081187503161,0.4095697893280682
3,blue,RF,CV+_K48,0.94,0.41594349221213317,0.4095697893280682
3,blue,RF,wCV_FCS_K48,0.94,0.42172991316266994,0.4095697893280682
3,blue,RF,wCV_SCS_K48,0.94,0.42172991316266994,0.4095697893280682
3,blue,RF,JAW_FCS_KLOO_rep_K48,0.925,0.42619053729803064,0.4095697893280682
3,blue,RF,JAW_SCS_KLOO_rep_K48,0.935,0.4108433315939203,0.4095697893280682
3,blue,RF,JAW_FCS_KLOO_det_K48,0.95,0.6202772690360023,0.4095697893280682
3,blue,RF,JAW_SCS_KLOO_det_K48,0.95,0.6202772690360023,0.4095697893280682
3,blue,RF,CV+_K96,0.935,0.41514195330481174,0.4095697893280682
3,blue,RF,wCV_FCS_K96,0.935,0.42345216801879326,0.4095697893280682
3,blue,RF,wCV_SCS_K96,0.935,0.42345216801879326,0.4095697893280682
3,blue,RF,JAW_FCS_KLOO_rep_K96,0.93,0.3946392284997714,0.4095697893280682
3,blue,RF,JAW_SCS_KLOO_rep_K96,0.93,0.3883495931039146,0.4095697893280682
3,blue,RF,JAW_FCS_KLOO_det_K96,0.93,0.43719813552923,0.4095697893280682
3,blue,RF,JAW_SCS_KLOO_det_K96,0.93,0.43719813552923,0.4095697893280682
3,blue,RF,CV+_K192,0.925,0.34082766953028365,0.4095697893280682
3,blue,RF,wCV_FCS_K192,0.925,0.3540616339569513,0.4095697893280682
3,blue,RF,wCV_SCS_K192,0.925,0.3540616339569513,0.4095697893280682
3,blue,RF,JAW_FCS_KLOO_rep_K192,0.92,0.38698839450352895,0.4095697893280682
3,blue,RF,JAW_SCS_KLOO_rep_K192,0.925,0.3863003270645764,0.4095697893280682
3,blue,RF,JAW_FCS_KLOO_det_K192,0.92,0.3765397039582772,0.4095697893280682
3,blue,RF,JAW_SCS_KLOO_det_K192,0.92,0.3765397039582772,0.4095697893280682
4,blue,RF,split,0.85,0.22371562654586974,0.47776252049294515
4,blue,RF,weighted_split,0.85,0.22371562654586974,0.47776252049294515
4,blue,RF,JAW-FCS,0.915,0.25162502396952624,0.47776252049294515
4,blue,RF,JAW-SCS,0.915,0.25162502396952624,0.47776252049294515
4,blue,RF,jackknife+,0.915,0.25162502396952624,0.47776252049294515
4,blue,RF,CV+_K8,0.905,0.2465659171445848,0.47776252049294515
4,blue,RF,wCV_FCS_K8,0.905,0.25019899452303573,0.47776252049294515
4,blue,RF,wCV_SCS_K8,0.905,0.25019899452303573,0.47776252049294515
4,blue,RF,JAW_FCS_KLOO_rep_K8,0.9,0.2778167536898648,0.47776252049294515
4,blue,RF,JAW_SCS_KLOO_rep_K8,0.915,0.27500533753618717,0.47776252049294515
4,blue,RF,JAW_FCS_KLOO_det_K8,1.0,inf,0.47776252049294515
4,blue,RF,JAW_SCS_KLOO_det_K8,1.0,inf,0.47776252049294515
4,blue,RF,CV+_K12,0.91,0.2452758502174646,0.47776252049294515
4,blue,RF,wCV_FCS_K12,0.91,0.2505625005371489,0.47776252049294515
4,blue,RF,wCV_SCS_K12,0.91,0.2505625005371489,0.47776252049294515
4,blue,RF,JAW_FCS_KLOO_rep_K12,0.895,0.27106040104167406,0.47776252049294515
4,blue,RF,JAW_SCS_KLOO_rep_K12,0.9,0.25951629031843604,0.47776252049294515
4,blue,RF,JAW_FCS_KLOO_det_K12,0.94,inf,0.47776252049294515
4,blue,RF,JAW_SCS_KLOO_det_K12,0.94,inf,0.47776252049294515
4,blue,RF,CV+_K16,0.91,0.2575554266465321,0.47776252049294515
4,blue,RF,wCV_FCS_K16,0.92,0.26111871111613105,0.47776252049294515
4,blue,RF,wCV_SCS_K16,0.92,0.26111871111613105,0.47776252049294515
4,blue,RF,JAW_FCS_KLOO_rep_K16,0.94,0.28275529298561103,0.47776252049294515
4,blue,RF,JAW_SCS_KLOO_rep_K16,0.935,0.3035595341057287,0.47776252049294515
4,blue,RF,JAW_FCS_KLOO_det_K16,0.945,inf,0.47776252049294515
4,blue,RF,JAW_SCS_KLOO_det_K16,0.945,inf,0.47776252049294515
4,blue,RF,CV+_K24,0.895,0.2420227932577476,0.47776252049294515
4,blue,RF,wCV_FCS_K24,0.905,0.24686920468717488,0.47776252049294515
4,blue,RF,wCV_SCS_K24,0.905,0.24686920468717488,0.47776252049294515
4,blue,RF,JAW_FCS_KLOO_rep_K24,0.915,0.28000700263410605,0.47776252049294515
4,blue,RF,JAW_SCS_KLOO_rep_K24,0.895,0.2675626967528718,0.47776252049294515
4,blue,RF,JAW_FCS_KLOO_det_K24,0.925,0.2843378153337597,0.47776252049294515
4,blue,RF,JAW_SCS_KLOO_det_K24,0.925,0.2843378153337597,0.47776252049294515
4,blue,RF,CV+_K32,0.9,0.24689436314644492,0.47776252049294515
4,blue,RF,wCV_FCS_K32,0.905,0.2500784844687255,0.47776252049294515
4,blue,RF,wCV_SCS_K32,0.905,0.2500784844687255,0.47776252049294515
4,blue,RF,JAW_FCS_KLOO_rep_K32,0.935,0.26944214968995606,0.47776252049294515
4,blue,RF,JAW_SCS_KLOO_rep_K32,0.915,0.2584607923818236,0.47776252049294515
4,blue,RF,JAW_FCS_KLOO_det_K32,0.9,0.2334270425899489,0.47776252049294515
4,blue,RF,JAW_SCS_KLOO_det_K32,0.9,0.2334270425899489,0.47776252049294515
4,blue,RF,CV+_K48,0.905,0.24127571049461766,0.47776252049294515
4,blue,RF,wCV_FCS_K48,0.905,0.2452971980534041,0.47776252049294515
4,blue,RF,wCV_SCS_K48,0.905,0.2452971980534041,0.47776252049294515
4,blue,RF,JAW_FCS_KLOO_rep_K48,0.91,0.2577970171846533,0.47776252049294515
4,blue,RF,JAW_SCS_KLOO_rep_K48,0.925,0.2609078137625202,0.47776252049294515
4,blue,RF,JAW_FCS_KLOO_det_K48,0.92,0.27364730523859915,0.47776252049294515
4,blue,RF,JAW_SCS_KLOO_det_K48,0.92,0.27364730523859915,0.47776252049294515
4,blue,RF,CV+_K96,0.905,0.2437920338529016,0.47776252049294515
4,blue,RF,wCV_FCS_K96,0.915,0.2473141584986862,0.47776252049294515
4,blue,RF,wCV_SCS_K96,0.915,0.2473141584986862,0.47776252049294515
4,blue,RF,JAW_FCS_KLOO_rep_K96,0.91,0.25798595838355876,0.47776252049294515
4,blue,RF,JAW_SCS_KLOO_rep_K96,0.915,0.24937319171704964,0.47776252049294515
4,blue,RF,JAW_FCS_KLOO_det_K96,0.94,0.2845333622424466,0.47776252049294515
4,blue,RF,JAW_SCS_KLOO_det_K96,0.94,0.2845333622424466,0.47776252049294515
4,blue,RF,CV+_K192,0.9,0.23560617446083576,0.47776252049294515
4,blue,RF,wCV_FCS_K192,0.91,0.24027370010353358,0.47776252049294515
4,blue,RF,wCV_SCS_K192,0.91,0.24027370010353358,0.47776252049294515
4,blue,RF,JAW_FCS_KLOO_rep_K192,0.92,0.25263779301930234,0.47776252049294515
4,blue,RF,JAW_SCS_KLOO_rep_K192,0.905,0.2526753090986872,0.47776252049294515
4,blue,RF,JAW_FCS_KLOO_det_K192,0.915,0.25162502396952624,0.47776252049294515
4,blue,RF,JAW_SCS_KLOO_det_K192,0.915,0.25162502396952624,0.47776252049294515
5,blue,RF,split,0.88,0.3822230876573771,0.4300010296768791
5,blue,RF,weighted_split,0.88,0.3822230876573771,0.4300010296768791
5,blue,RF,JAW-FCS,0.91,0.281524302544525,0.4300010296768791
5,blue,RF,JAW-SCS,0.91,0.281524302544525,0.4300010296768791
5,blue,RF,jackknife+,0.91,0.281524302544525,0.4300010296768791
5,blue,RF,CV+_K8,0.92,0.3141033710964892,0.4300010296768791
5,blue,RF,wCV_FCS_K8,0.92,0.3171350645166357,0.4300010296768791
5,blue,RF,wCV_SCS_K8,0.92,0.3171350645166357,0.4300010296768791
5,blue,RF,JAW_FCS_KLOO_rep_K8,0.885,0.32782960270996875,0.4300010296768791
5,blue,RF,JAW_SCS_KLOO_rep_K8,0.93,0.34375871725593804,0.4300010296768791
5,blue,RF,JAW_FCS_KLOO_det_K8,1.0,inf,0.4300010296768791
5,blue,RF,JAW_SCS_KLOO_det_K8,1.0,inf,0.4300010296768791
5,blue,RF,CV+_K12,0.915,0.306308983487721,0.4300010296768791
5,blue,RF,wCV_FCS_K12,0.915,0.3108648462810186,0.4300010296768791
5,blue,RF,wCV_SCS_K12,0.915,0.3108648462810186,0.4300010296768791
5,blue,RF,JAW_FCS_KLOO_rep_K12,0.9,0.32580783578753264,0.4300010296768791
5,blue,RF,JAW_SCS_KLOO_rep_K12,0.88,0.3202733930830256,0.4300010296768791
5,blue,RF,JAW_FCS_KLOO_det_K12,0.9,inf,0.4300010296768791
5,blue,RF,JAW_SCS_KLOO_det_K12,0.9,inf,0.4300010296768791
5,blue,RF,CV+_K16,0.91,0.29563859564456774,0.4300010296768791
5,blue,RF,wCV_FCS_K16,0.915,0.30423072496163955,0.4300010296768791
5,blue,RF,wCV_SCS_K16,0.915,0.30423072496163955,0.4300010296768791
5,blue,RF,JAW_FCS_KLOO_rep_K16,0.9,0.3578271453085149,0.4300010296768791
5,blue,RF,JAW_SCS_KLOO_rep_K16,0.905,0.369921172211929,0.4300010296768791
5,blue,RF,JAW_FCS_KLOO_det_K16,0.9,inf,0.4300010296768791
5,blue,RF,JAW_SCS_KLOO_det_K16,0.9,inf,0.4300010296768791
5,blue,RF,CV+_K24,0.91,0.3098438724042536,0.4300010296768791
5,blue,RF,wCV_FCS_K24,0.915,0.31458764347816714,0.4300010296768791
5,blue,RF,wCV_SCS_K24,0.915,0.31458764347816714,0.4300010296768791
5,blue,RF,JAW_FCS_KLOO_rep_K24,0.925,0.3418228381540454,0.4300010296768791
5,blue,RF,JAW_SCS_KLOO_rep_K24,0.905,0.33295986149628837,0.4300010296768791
5,blue,RF,JAW_FCS_KLOO_det_K24,0.915,0.3508306745167249,0.4300010296768791
5,blue,RF,JAW_SCS_KLOO_det_K24,0.915,0.3508306745167249,0.4300010296768791
5,blue,RF,CV+_K32,0.91,0.3206765895361958,0.4300010296768791
5,blue,RF,wCV_FCS_K32,0.91,0.3289446977780638,0.4300010296768791
5,blue,RF,wCV_SCS_K32,0.91,0.3289446977780638,0.4300010296768791
5,blue,RF,JAW_FCS_KLOO_rep_K32,0.905,0.3221067365365853,0.4300010296768791
5,blue,RF,JAW_SCS_KLOO_rep_K32,0.88,0.3009711308490276,0.4300010296768791
5,blue,RF,JAW_FCS_KLOO_det_K32,0.865,0.25813632494369154,0.4300010296768791
5,blue,RF,JAW_SCS_KLOO_det_K32,0.865,0.25813632494369154,0.4300010296768791
5,blue,RF,CV+_K48,0.91,0.2922024434605469,0.4300010296768791
5,blue,RF,wCV_FCS_K48,0.91,0.29869116655754985,0.4300010296768791
5,blue,RF,wCV_SCS_K48,0.91,0.29869116655754985,0.4300010296768791
5,blue,RF,JAW_FCS_KLOO_rep_K48,0.915,0.29637960387093065,0.4300010296768791
5,blue,RF,JAW_SCS_KLOO_rep_K48,0.915,0.2977956424531435,0.4300010296768791
5,blue,RF,JAW_FCS_KLOO_det_K48,0.85,0.18109747369558815,0.4300010296768791
5,blue,RF,JAW_SCS_KLOO_det_K48,0.85,0.18109747369558815,0.4300010296768791
5,blue,RF,CV+_K96,0.915,0.2940187023699208,0.4300010296768791
5,blue,RF,wCV_FCS_K96,0.915,0.29888874666338205,0.4300010296768791
5,blue,RF,wCV_SCS_K96,0.915,0.29888874666338205,0.4300010296768791
5,blue,RF,JAW_FCS_KLOO_rep_K96,0.9,0.2953325617820457,0.4300010296768791
5,blue,RF,JAW_SCS_KLOO_rep_K96,0.905,0.2927095592199661,0.4300010296768791
5,blue,RF,JAW_FCS_KLOO_det_K96,0.89,0.25123168006598806,0.4300010296768791
5,blue,RF,JAW_SCS_KLOO_det_K96,0.89,0.25123168006598806,0.4300010296768791
5,blue,RF,CV+_K192,0.91,0.3156708070088683,0.4300010296768791
5,blue,RF,wCV_FCS_K192,0.91,0.3204876667339521,0.4300010296768791
5,blue,RF,wCV_SCS_K192,0.91,0.3204876667339521,0.4300010296768791
5,blue,RF,JAW_FCS_KLOO_rep_K192,0.905,0.28240982302742734,0.4300010296768791
5,blue,RF,JAW_SCS_KLOO_rep_K192,0.905,0.28920232319064715,0.4300010296768791
5,blue,RF,JAW_FCS_KLOO_det_K192,0.91,0.281524302544525,0.4300010296768791
5,blue,RF,JAW_SCS_KLOO_det_K192,0.91,0.281524302544525,0.4300010296768791
6,blue,RF,split,0.955,0.6218157210108771,0.4428688185138623
6,blue,RF,weighted_split,0.955,0.6218157210108771,0.4428688185138623
6,blue,RF,JAW-FCS,0.915,0.33973244947231185,0.4428688185138623
6,blue,RF,JAW-SCS,0.915,0.33973244947231185,0.4428688185138623
6,blue,RF,jackknife+,0.915,0.33973244947231185,0.4428688185138623
6,blue,RF,CV+_K8,0.925,0.40018249732807554,0.4428688185138623
6,blue,RF,wCV_FCS_K8,0.93,0.40885058176921685,0.4428688185138623
6,blue,RF,wCV_SCS_K8,0.93,0.40885058176921685,0.4428688185138623
6,blue,RF,JAW_FCS_KLOO_rep_K8,0.89,0.41406233917018476,0.4428688185138623
6,blue,RF,JAW_SCS_KLOO_rep_K8,0.945,0.47678883889124835,0.4428688185138623
6,blue,RF,JAW_FCS_KLOO_det_K8,1.0,inf,0.4428688185138623
6,blue,RF,JAW_SCS_KLOO_det_K8,1.0,inf,0.4428688185138623
6,blue,RF,CV+_K12,0.94,0.42232082544986266,0.4428688185138623
6,blue,RF,wCV_FCS_K12,0.94,0.428180437304709,0.4428688185138623
6,blue,RF,wCV_SCS_K12,0.94,0.428180437304709,0.4428688185138623
6,blue,RF,JAW_FCS_KLOO_rep_K12,0.91,0.48361281712960885,0.4428688185138623
6,blue,RF,JAW_SCS_KLOO_rep_K12,0.89,0.43438678621492227,0.4428688185138623
6,blue,RF,JAW_FCS_KLOO_det_K12,1.0,inf,0.4428688185138623
6,blue,RF,JAW_SCS_KLOO_det_K12,1.0,inf,0.4428688185138623
6,blue,RF,CV+_K16,0.935,0.39792564223635385,0.4428688185138623
6,blue,RF,wCV_FCS_K16,0.935,0.40514194815776605,0.4428688185138623
6,blue,RF,wCV_SCS_K16,0.935,0.40514194815776605,0.4428688185138623
6,blue,RF,JAW_FCS_KLOO_rep_K16,0.935,0.578222158161441,0.4428688185138623
6,blue,RF,JAW_SCS_KLOO_rep_K16,0.91,0.5370933187454923,0.4428688185138623
6,blue,RF,JAW_FCS_KLOO_det_K16,1.0,inf,0.4428688185138623
6,blue,RF,JAW_SCS_KLOO_det_K16,1.0,inf,0.4428688185138623
6,blue,RF,CV+_K24,0.94,0.40433495260368507,0.4428688185138623
6,blue,RF,wCV_FCS_K24,0.94,0.4121791089698173,0.4428688185138623
6,blue,RF,wCV_SCS_K24,0.94,0.4121791089698173,0.4428688185138623
6,blue,RF,JAW_FCS_KLOO_rep_K24,0.92,0.4465698567391255,0.4428688185138623
6,blue,RF,JAW_SCS_KLOO_rep_K24,0.895,0.4734803272497172,0.4428688185138623
6,blue,RF,JAW_FCS_KLOO_det_K24,0.98,1.0787174957651726,0.4428688185138623
6,blue,RF,JAW_SCS_KLOO_det_K24,0.98,1.0787174957651726,0.4428688185138623
6,blue,RF,CV+_K32,0.94,0.39119493548728107,0.4428688185138623
6,blue,RF,wCV_FCS_K32,0.94,0.4036681492699915,0.4428688185138623
6,blue,RF,wCV_SCS_K32,0.94,0.4036681492699915,0.4428688185138623
6,blue,RF,JAW_FCS_KLOO_rep_K32,0.91,0.4094955697660311,0.4428688185138623
6,blue,RF,JAW_SCS_KLOO_rep_K32,0.9,0.42125387723608376,0.4428688185138623
6,blue,RF,JAW_FCS_KLOO_det_K32,0.955,0.6300516240429811,0.4428688185138623
6,blue,RF,JAW_SCS_KLOO_det_K32,0.955,0.6300516240429811,0.4428688185138623
6,blue,RF,CV+_K48,0.925,0.44888622600354233,0.4428688185138623
6,blue,RF,wCV_FCS_K48,0.925,0.46085711105536287,0.4428688185138623
6,blue,RF,wCV_SCS_K48,0.925,0.46085711105536287,0.4428688185138623
6,blue,RF,JAW_FCS_KLOO_rep_K48,0.915,0.3836117621952717,0.4428688185138623
6,blue,RF,JAW_SCS_KLOO_rep_K48,0.92,0.3898319412854306,0.4428688185138623
6,blue,RF,JAW_FCS_KLOO_det_K48,0.96,0.6757311337397188,0.4428688185138623
6,blue,RF,JAW_SCS_KLOO_det_K48,0.96,0.6757311337397188,0.4428688185138623
6,blue,RF,CV+_K96,0.94,0.4008209182136455,0.4428688185138623
6,blue,RF,wCV_FCS_K96,0.94,0.40988846670837503,0.4428688185138623
6,blue,RF,wCV_SCS_K96,0.94,0.40988846670837503,0.4428688185138623
6,blue,RF,JAW_FCS_KLOO_rep_K96,0.91,0.37738814135881077,0.4428688185138623
6,blue,RF,JAW_SCS_KLOO_rep_K96,0.91,0.3641025686449444,0.4428688185138623
6,blue,RF,JAW_FCS_KLOO_det_K96,0.9,0.30923515014058545,0.4428688185138623
6,blue,RF,JAW_SCS_KLOO_det_K96,0.9,0.30923515014058545,0.4428688185138623
6,blue,RF,CV+_K192,0.925,0.3928808473936025,0.4428688185138623
6,blue,RF,wCV_FCS_K192,0.925,0.39860634952354046,0.4428688185138623
6,blue,RF,wCV_SCS_K192,0.925,0.39860634952354046,0.4428688185138623
6,blue,RF,JAW_FCS_KLOO_rep_K192,0.915,0.35034630953748924,0.4428688185138623
6,blue,RF,JAW_SCS_KLOO_rep_K192,0.91,0.35044448165299746,0.4428688185138623
6,blue,RF,JAW_FCS_KLOO_det_K192,0.915,0.33973244947231185,0.4428688185138623
6,blue,RF,JAW_SCS_KLOO_det_K192,0.915,0.33973244947231185,0.4428688185138623
7,blue,RF,split,0.935,0.3464358607070115,0.41816288523065104
7,blue,RF,weighted_split,0.935,0.3464358607070115,0.41816288523065104
7,blue,RF,JAW-FCS,0.87,0.2706492203057269,0.41816288523065104
7,blue,RF,JAW-SCS,0.87,0.2706492203057269,0.41816288523065104
7,blue,RF,jackknife+,0.87,0.2706492203057269,0.41816288523065104
7,blue,RF,CV+_K8,0.88,0.27745721435299087,0.41816288523065104
7,blue,RF,wCV_FCS_K8,0.88,0.28078876976903533,0.41816288523065104
7,blue,RF,wCV_SCS_K8,0.88,0.28078876976903533,0.41816288523065104
7,blue,RF,JAW_FCS_KLOO_rep_K8,0.9,0.3093551808789048,0.41816288523065104
7,blue,RF,JAW_SCS_KLOO_rep_K8,0.875,0.29856490564688976,0.41816288523065104
7,blue,RF,JAW_FCS_KLOO_det_K8,1.0,inf,0.41816288523065104
7,blue,RF,JAW_SCS_KLOO_det_K8,1.0,inf,0.41816288523065104
7,blue,RF,CV+_K12,0.885,0.278638708487711,0.41816288523065104
7,blue,RF,wCV_FCS_K12,0.885,0.28164482326423285,0.41816288523065104
7,blue,RF,wCV_SCS_K12,0.885,0.28164482326423285,0.41816288523065104
7,blue,RF,JAW_FCS_KLOO_rep_K12,0.86,0.3091442413526715,0.41816288523065104
7,blue,RF,JAW_SCS_KLOO_rep_K12,0.875,0.30872895329570593,0.41816288523065104
7,blue,RF,JAW_FCS_KLOO_det_K12,0.955,inf,0.41816288523065104
7,blue,RF,JAW_SCS_KLOO_det_K12,0.955,inf,0.41816288523065104
7,blue,RF,CV+_K16,0.855,0.24909445964294585,0.41816288523065104
7,blue,RF,wCV_FCS_K16,0.86,0.2517578155934628,0.41816288523065104
7,blue,RF,wCV_SCS_K16,0.86,0.2517578155934628,0.41816288523065104
7,blue,RF,JAW_FCS_KLOO_rep_K16,0.895,0.3896299369276778,0.41816288523065104
7,blue,RF,JAW_SCS_KLOO_rep_K16,0.915,0.37632718441658664,0.41816288523065104
7,blue,RF,JAW_FCS_KLOO_det_K16,0.97,inf,0.41816288523065104
7,blue,RF,JAW_SCS_KLOO_det_K16,0.97,inf,0.41816288523065104
7,blue,RF,CV+_K24,0.87,0.25960120365410144,0.41816288523065104
7,blue,RF,wCV_FCS_K24,0.87,0.26206787613088245,0.41816288523065104
7,blue,RF,wCV_SCS_K24,0.87,0.26206787613088245,0.41816288523065104
7,blue,RF,JAW_FCS_KLOO_rep_K24,0.87,0.2979848166562087,0.41816288523065104
7,blue,RF,JAW_SCS_KLOO_rep_K24,0.89,0.32033484680140734,0.41816288523065104
7,blue,RF,JAW_FCS_KLOO_det_K24,0.925,0.45143184111926,0.41816288523065104
7,blue,RF,JAW_SCS_KLOO_det_K24,0.925,0.45143184111926,0.41816288523065104
7,blue,RF,CV+_K32,0.865,0.24795761155935592,0.41816288523065104
7,blue,RF,wCV_FCS_K32,0.865,0.25269713937744365,0.41816288523065104
7,blue,RF,wCV_SCS_K32,0.865,0.25269713937744365,0.41816288523065104
7,blue,RF,JAW_FCS_KLOO_rep_K32,0.88,0.2981985839468877,0.41816288523065104
7,blue,RF,JAW_SCS_KLOO_rep_K32,0.885,0.29978706348620465,0.41816288523065104
7,blue,RF,JAW_FCS_KLOO_det_K32,0.895,0.35512391968271867,0.41816288523065104
7,blue,RF,JAW_SCS_KLOO_det_K32,0.895,0.35512391968271867,0.41816288523065104
7,blue,RF,CV+_K48,0.87,0.2738722959636197,0.41816288523065104
7,blue,RF,wCV_FCS_K48,0.875,0.2776412189652504,0.41816288523065104
7,blue,RF,wCV_SCS_K48,0.875,0.2776412189652504,0.41816288523065104
7,blue,RF,JAW_FCS_KLOO_rep_K48,0.89,0.28957585541181174,0.41816288523065104
7,blue,RF,JAW_SCS_KLOO_rep_K48,0.88,0.27583232856566814,0.41816288523065104
7,blue,RF,JAW_FCS_KLOO_det_K48,0.91,0.41013375455374856,0.41816288523065104
7,blue,RF,JAW_SCS_KLOO_det_K48,0.91,0.41013375455374856,0.41816288523065104
7,blue,RF,CV+_K96,0.875,0.25841121383242766,0.41816288523065104
7,blue,RF,wCV_FCS_K96,0.875,0.2619069564010763,0.41816288523065104
7,blue,RF,wCV_SCS_K96,0.875,0.2619069564010763,0.41816288523065104
7,blue,RF,JAW_FCS_KLOO_rep_K96,0.87,0.272504217049791,0.41816288523065104
7,blue,RF,JAW_SCS_KLOO_rep_K96,0.865,0.27967684973325335,0.41816288523065104
7,blue,RF,JAW_FCS_KLOO_det_K96,0.88,0.3093551808789048,0.41816288523065104
7,blue,RF,JAW_SCS_KLOO_det_K96,0.88,0.3093551808789048,0.41816288523065104
7,blue,RF,CV+_K192,0.87,0.2570797034938758,0.41816288523065104
7,blue,RF,wCV_FCS_K192,0.87,0.2604015456238712,0.41816288523065104
7,blue,RF,wCV_SCS_K192,0.87,0.2604015456238712,0.41816288523065104
7,blue,RF,JAW_FCS_KLOO_rep_K192,0.875,0.2758128289301959,0.41816288523065104
7,blue,RF,JAW_SCS_KLOO_rep_K192,0.875,0.27582301425748346,0.41816288523065104
7,blue,RF,JAW_FCS_KLOO_det_K192,0.87,0.2706492203057269,0.41816288523065104
7,blue,RF,JAW_SCS_KLOO_det_K192,0.87,0.2706492203057269,0.41816288523065104
8,blue,RF,split,0.92,0.76645940813684,0.4267310843724125
8,blue,RF,weighted_split,0.92,0.76645940813684,0.4267310843724125
8,blue,RF,JAW-FCS,0.89,0.38952905708078034,0.4267310843724125
8,blue,RF,JAW-SCS,0.89,0.38952905708078034,0.4267310843724125
8,blue,RF,jackknife+,0.89,0.38952905708078034,0.4267310843724125
8,blue,RF,CV+_K8,0.86,0.3676052802428328,0.4267310843724125
8,blue,RF,wCV_FCS_K8,0.86,0.3744479874406309,0.4267310843724125
8,blue,RF,wCV_SCS_K8,0.86,0.3744479874406309,0.4267310843724125
8,blue,RF,JAW_FCS_KLOO_rep_K8,0.89,0.447675496762176,0.4267310843724125
8,blue,RF,JAW_SCS_KLOO_rep_K8,0.865,0.4238789323714969,0.4267310843724125
8,blue,RF,JAW_FCS_KLOO_det_K8,1.0,inf,0.4267310843724125
8,blue,RF,JAW_SCS_KLOO_det_K8,1.0,inf,0.4267310843724125
8,blue,RF,CV+_K12,0.86,0.3647044442279166,0.4267310843724125
8,blue,RF,wCV_FCS_K12,0.86,0.3688836899777461,0.4267310843724125
8,blue,RF,wCV_SCS_K12,0.86,0.3688836899777461,0.4267310843724125
8,blue,RF,JAW_FCS_KLOO_rep_K12,0.87,0.4825571282269415,0.4267310843724125
8,blue,RF,JAW_SCS_KLOO_rep_K12,0.885,0.4611042168795752,0.4267310843724125
8,blue,RF,JAW_FCS_KLOO_det_K12,0.885,inf,0.4267310843724125
8,blue,RF,JAW_SCS_KLOO_det_K12,0.885,inf,0.4267310843724125
8,blue,RF,CV+_K16,0.86,0.3638158709979012,0.4267310843724125
8,blue,RF,wCV_FCS_K16,0.86,0.3757150603864964,0.4267310843724125
8,blue,RF,wCV_SCS_K16,0.86,0.3757150603864964,0.4267310843724125
8,blue,RF,JAW_FCS_KLOO_rep_K16,0.88,0.5114468564295378,0.4267310843724125
8,blue,RF,JAW_SCS_KLOO_rep_K16,0.875,0.5081976494011207,0.4267310843724125
8,blue,RF,JAW_FCS_KLOO_det_K16,0.885,inf,0.4267310843724125
8,blue,RF,JAW_SCS_KLOO_det_K16,0.885,inf,0.4267310843724125
8,blue,RF,CV+_K24,0.855,0.3624855355420398,0.4267310843724125
8,blue,RF,wCV_FCS_K24,0.86,0.37165699340629255,0.4267310843724125
8,blue,RF,wCV_SCS_K24,0.86,0.37165699340629255,0.4267310843724125
8,blue,RF,JAW_FCS_KLOO_rep_K24,0.865,0.45506620326024194,0.4267310843724125
8,blue,RF,JAW_SCS_KLOO_rep_K24,0.865,0.44345377904535976,0.4267310843724125
8,blue,RF,JAW_FCS_KLOO_det_K24,0.89,0.4540809643391023,0.4267310843724125
8,blue,RF,JAW_SCS_KLOO_det_K24,0.89,0.4540809643391023,0.4267310843724125
8,blue,RF,CV+_K32,0.87,0.34940370096407264,0.4267310843724125
8,blue,RF,wCV_FCS_K32,0.875,0.3557635782422629,0.4267310843724125
8,blue,RF,wCV_SCS_K32,0.875,0.3557635782422629,0.4267310843724125
8,blue,RF,JAW_FCS_KLOO_rep_K32,0.875,0.4346313970548651,0.4267310843724125
8,blue,RF,JAW_SCS_KLOO_rep_K32,0.87,0.42442251431797806,0.4267310843724125
8,blue,RF,JAW_FCS_KLOO_det_K32,0.835,0.3242981303261182,0.4267310843724125
8,blue,RF,JAW_SCS_KLOO_det_K32,0.835,0.3242981303261182,0.4267310843724125
8,blue,RF,CV+_K48,0.875,0.3558624632750912,0.4267310843724125
8,blue,RF,wCV_FCS_K48,0.875,0.3613758936386484,0.4267310843724125
8,blue,RF,wCV_SCS_K48,0.875,0.3613758936386484,0.4267310843724125
8,blue,RF,JAW_FCS_KLOO_rep_K48,0.88,0.4238789323714969,0.4267310843724125
8,blue,RF,JAW_SCS_KLOO_rep_K48,0.865,0.4119890157856725,0.4267310843724125
8,blue,RF,JAW_FCS_KLOO_det_K48,0.88,0.3823328203351055,0.4267310843724125
8,blue,RF,JAW_SCS_KLOO_det_K48,0.88,0.3823328203351055,0.4267310843724125
8,blue,RF,CV+_K96,0.865,0.3414481036170799,0.4267310843724125
8,blue,RF,wCV_FCS_K96,0.865,0.3494262774429364,0.4267310843724125
8,blue,RF,wCV_SCS_K96,0.865,0.3494262774429364,0.4267310843724125
8,blue,RF,JAW_FCS_KLOO_rep_K96,0.87,0.410155653740099,0.4267310843724125
8,blue,RF,JAW_SCS_KLOO_rep_K96,0.88,0.411158020817606,0.4267310843724125
8,blue,RF,JAW_FCS_KLOO_det_K96,0.835,0.30214626503979447,0.4267310843724125
8,blue,RF,JAW_SCS_KLOO_det_K96,0.835,0.30214626503979447,0.4267310843724125
8,blue,RF,CV+_K192,0.87,0.3493870120864424,0.4267310843724125
8,blue,RF,wCV_FCS_K192,0.87,0.3568308171457273,0.4267310843724125
8,blue,RF,wCV_SCS_K192,0.87,0.3568308171457273,0.4267310843724125
8,blue,RF,JAW_FCS_KLOO_rep_K192,0.875,0.3953133480113918,0.4267310843724125
8,blue,RF,JAW_SCS_KLOO_rep_K192,0.875,0.3971046978339481,0.4267310843724125
8,blue,RF,JAW_FCS_KLOO_det_K192,0.89,0.38952905708078034,0.4267310843724125
8,blue,RF,JAW_SCS_KLOO_det_K192,0.89,0.38952905708078034,0.4267310843724125
9,blue,RF,split,0.96,0.4524390870984636,0.46928005234020104
9,blue,RF,weighted_split,0.96,0.4524390870984636,0.46928005234020104
9,blue,RF,JAW-FCS,0.88,0.2935398458513703,0.46928005234020104
9,blue,RF,JAW-SCS,0.88,0.2935398458513703,0.46928005234020104
9,blue,RF,jackknife+,0.88,0.2935398458513703,0.46928005234020104
9,blue,RF,CV+_K8,0.91,0.35380546908912225,0.46928005234020104
9,blue,RF,wCV_FCS_K8,0.91,0.35898861268616544,0.46928005234020104
9,blue,RF,wCV_SCS_K8,0.91,0.35898861268616544,0.46928005234020104
9,blue,RF,JAW_FCS_KLOO_rep_K8,0.845,0.31846076922162875,0.46928005234020104
9,blue,RF,JAW_SCS_KLOO_rep_K8,0.88,0.33490572034400556,0.46928005234020104
9,blue,RF,JAW_FCS_KLOO_det_K8,1.0,inf,0.46928005234020104
9,blue,RF,JAW_SCS_KLOO_det_K8,1.0,inf,0.46928005234020104
9,blue,RF,CV+_K12,0.9,0.33282377444964006,0.46928005234020104
9,blue,RF,wCV_FCS_K12,0.9,0.3367103662216493,0.46928005234020104
9,blue,RF,wCV_SCS_K12,0.9,0.3367103662216493,0.46928005234020104
9,blue,RF,JAW_FCS_KLOO_rep_K12,0.87,0.35806188551519547,0.46928005234020104
9,blue,RF,JAW_SCS_KLOO_rep_K12,0.875,0.3685519344855567,0.46928005234020104
9,blue,RF,JAW_FCS_KLOO_det_K12,0.91,inf,0.46928005234020104
9,blue,RF,JAW_SCS_KLOO_det_K12,0.91,inf,0.46928005234020104
9,blue,RF,CV+_K16,0.92,0.3428387687977529,0.46928005234020104
9,blue,RF,wCV_FCS_K16,0.92,0.3458782727803995,0.46928005234020104
9,blue,RF,wCV_SCS_K16,0.92,0.3458782727803995,0.46928005234020104
9,blue,RF,JAW_FCS_KLOO_rep_K16,0.9,0.45071363152887245,0.46928005234020104
9,blue,RF,JAW_SCS_KLOO_rep_K16,0.885,0.3937417122582445,0.46928005234020104
9,blue,RF,JAW_FCS_KLOO_det_K16,0.94,inf,0.46928005234020104
9,blue,RF,JAW_SCS_KLOO_det_K16,0.94,inf,0.46928005234020104
9,blue,RF,CV+_K24,0.885,0.29016392832104654,0.46928005234020104
9,blue,RF,wCV_FCS_K24,0.89,0.2953863874307374,0.46928005234020104
9,blue,RF,wCV_SCS_K24,0.89,0.2953863874307374,0.46928005234020104
9,blue,RF,JAW_FCS_KLOO_rep_K24,0.885,0.3541436109678854,0.46928005234020104
9,blue,RF,JAW_SCS_KLOO_rep_K24,0.885,0.35924759602889583,0.46928005234020104
9,blue,RF,JAW_FCS_KLOO_det_K24,0.875,0.24946700475092226,0.46928005234020104
9,blue,RF,JAW_SCS_KLOO_det_K24,0.875,0.24946700475092226,0.46928005234020104
9,blue,RF,CV+_K32,0.905,0.3342016201712544,0.46928005234020104
9,blue,RF,wCV_FCS_K32,0.91,0.34245279664866657,0.46928005234020104
9,blue,RF,wCV_SCS_K32,0.91,0.34245279664866657,0.46928005234020104
9,blue,RF,JAW_FCS_KLOO_rep_K32,0.905,0.3428693974565524,0.46928005234020104
9,blue,RF,JAW_SCS_KLOO_rep_K32,0.925,0.31307699312908055,0.46928005234020104
9,blue,RF,JAW_FCS_KLOO_det_K32,0.92,0.3449278604820934,0.46928005234020104
9,blue,RF,JAW_SCS_KLOO_det_K32,0.92,0.3449278604820934,0.46928005234020104
9,blue,RF,CV+_K48,0.91,0.3373180109004558,0.46928005234020104
9,blue,RF,wCV_FCS_K48,0.915,0.3426309558427738,0.46928005234020104
9,blue,RF,wCV_SCS_K48,0.915,0.3426309558427738,0.46928005234020104
9,blue,RF,JAW_FCS_KLOO_rep_K48,0.895,0.33074715121213066,0.46928005234020104
9,blue,RF,JAW_SCS_KLOO_rep_K48,0.89,0.32373981193788914,0.46928005234020104
9,blue,RF,JAW_FCS_KLOO_det_K48,0.94,0.49178616718669643,0.46928005234020104
9,blue,RF,JAW_SCS_KLOO_det_K48,0.94,0.49178616718669643,0.46928005234020104
9,blue,RF,CV+_K96,0.9,0.32058041946355387,0.46928005234020104
9,blue,RF,wCV_FCS_K96,0.9,0.32603976253587125,0.46928005234020104
9,blue,RF,wCV_SCS_K96,0.9,0.32603976253587125,0.46928005234020104
9,blue,RF,JAW_FCS_KLOO_rep_K96,0.875,0.3092218393839518,0.46928005234020104
9,blue,RF,JAW_SCS_KLOO_rep_K96,0.87,0.31138967675605744,0.46928005234020104
9,blue,RF,JAW_FCS_KLOO_det_K96,0.915,0.35920994173536847,0.46928005234020104
9,blue,RF,JAW_SCS_KLOO_det_K96,0.915,0.35920994173536847,0.46928005234020104
9,blue,RF,CV+_K192,0.9,0.3147513666803369,0.46928005234020104
9,blue,RF,wCV_FCS_K192,0.905,0.31742684357256024,0.46928005234020104
9,blue,RF,wCV_SCS_K192,0.905,0.31742684357256024,0.46928005234020104
9,blue,RF,JAW_FCS_KLOO_rep_K192,0.89,0.3006190957490702,0.46928005234020104
9,blue,RF,JAW_SCS_KLOO_rep_K192,0.885,0.29538087074645347,0.46928005234020104
9,blue,RF,JAW_FCS_KLOO_det_K192,0.88,0.2935398458513703,0.46928005234020104
9,blue,RF,JAW_SCS_KLOO_det_K192,0.88,0.2935398458513703,0.46928005234020104
10,blue,RF,split,0.945,0.2432570569399477,0.41273645502507733
10,blue,RF,weighted_split,0.945,0.2432570569399477,0.41273645502507733
10,blue,RF,JAW-FCS,0.93,0.3188212447098747,0.41273645502507733
10,blue,RF,JAW-SCS,0.93,0.3188212447098747,0.41273645502507733
10,blue,RF,jackknife+,0.93,0.3188212447098747,0.41273645502507733
10,blue,RF,CV+_K8,0.94,0.30290804200359334,0.41273645502507733
10,blue,RF,wCV_FCS_K8,0.94,0.3093088048784082,0.41273645502507733
10,blue,RF,wCV_SCS_K8,0.94,0.3093088048784082,0.41273645502507733
10,blue,RF,JAW_FCS_KLOO_rep_K8,0.935,0.3748618066814622,0.41273645502507733
10,blue,RF,JAW_SCS_KLOO_rep_K8,0.935,0.3518130008589836,0.41273645502507733
10,blue,RF,JAW_FCS_KLOO_det_K8,1.0,inf,0.41273645502507733
10,blue,RF,JAW_SCS_KLOO_det_K8,1.0,inf,0.41273645502507733
10,blue,RF,CV+_K12,0.945,0.31050644829505886,0.41273645502507733
10,blue,RF,wCV_FCS_K12,0.95,0.3149699061841794,0.41273645502507733
10,blue,RF,wCV_SCS_K12,0.95,0.3149699061841794,0.41273645502507733
10,blue,RF,JAW_FCS_KLOO_rep_K12,0.94,0.399290035305275,0.41273645502507733
10,blue,RF,JAW_SCS_KLOO_rep_K12,0.935,0.43031216020516666,0.41273645502507733
10,blue,RF,JAW_FCS_KLOO_det_K12,0.995,inf,0.41273645502507733
10,blue,RF,JAW_SCS_KLOO_det_K12,0.995,inf,0.41273645502507733
10,blue,RF,CV+_K16,0.945,0.2993101447937191,0.41273645502507733
10,blue,RF,wCV_FCS_K16,0.945,0.3032760974767932,0.41273645502507733
10,blue,RF,wCV_SCS_K16,0.945,0.3032760974767932,0.41273645502507733
10,blue,RF,JAW_FCS_KLOO_rep_K16,0.94,0.48335195922791596,0.41273645502507733
10,blue,RF,JAW_SCS_KLOO_rep_K16,0.935,0.5229271984172914,0.41273645502507733
10,blue,RF,JAW_FCS_KLOO_det_K16,0.995,inf,0.41273645502507733
10,blue,RF,JAW_SCS_KLOO_det_K16,0.995,inf,0.41273645502507733
10,blue,RF,CV+_K24,0.955,0.3918473312173175,0.41273645502507733
10,blue,RF,wCV_FCS_K24,0.955,0.4053204569226143,0.41273645502507733
10,blue,RF,wCV_SCS_K24,0.955,0.4053204569226143,0.41273645502507733
10,blue,RF,JAW_FCS_KLOO_rep_K24,0.94,0.3884894824819375,0.41273645502507733
10,blue,RF,JAW_SCS_KLOO_rep_K24,0.945,0.39389638026627155,0.41273645502507733
10,blue,RF,JAW_FCS_KLOO_det_K24,0.955,0.5499656576838003,0.41273645502507733
10,blue,RF,JAW_SCS_KLOO_det_K24,0.955,0.5499656576838003,0.41273645502507733
10,blue,RF,CV+_K32,0.925,0.29620321195984944,0.41273645502507733
10,blue,RF,wCV_FCS_K32,0.925,0.301139264852455,0.41273645502507733
10,blue,RF,wCV_SCS_K32,0.925,0.301139264852455,0.41273645502507733
10,blue,RF,JAW_FCS_KLOO_rep_K32,0.935,0.3478772087070291,0.41273645502507733
10,blue,RF,JAW_SCS_KLOO_rep_K32,0.92,0.3498276241898447,0.41273645502507733
10,blue,RF,JAW_FCS_KLOO_det_K32,0.92,0.32946141479421776,0.41273645502507733
10,blue,RF,JAW_SCS_KLOO_det_K32,0.92,0.32946141479421776,0.41273645502507733
10,blue,RF,CV+_K48,0.935,0.28909868803936406,0.41273645502507733
10,blue,RF,wCV_FCS_K48,0.94,0.2941410328232368,0.41273645502507733
10,blue,RF,wCV_SCS_K48,0.94,0.2941410328232368,0.41273645502507733
10,blue,RF,JAW_FCS_KLOO_rep_K48,0.93,0.3323166687712453,0.41273645502507733
10,blue,RF,JAW_SCS_KLOO_rep_K48,0.915,0.3401312166195841,0.41273645502507733
10,blue,RF,JAW_FCS_KLOO_det_K48,0.93,0.33490406677711404,0.41273645502507733
10,blue,RF,JAW_SCS_KLOO_det_K48,0.93,0.33490406677711404,0.41273645502507733
10,blue,RF,CV+_K96,0.925,0.306659325057855,0.41273645502507733
10,blue,RF,wCV_FCS_K96,0.925,0.31211038673455294,0.41273645502507733
10,blue,RF,wCV_SCS_K96,0.925,0.31211038673455294,0.41273645502507733
10,blue,RF,JAW_FCS_KLOO_rep_K96,0.93,0.33415904940559893,0.41273645502507733
10,blue,RF,JAW_SCS_KLOO_rep_K96,0.925,0.34181065404201827,0.41273645502507733
10,blue,RF,JAW_FCS_KLOO_det_K96,0.93,0.33546328526463653,0.41273645502507733
10,blue,RF,JAW_SCS_KLOO_det_K96,0.93,0.33546328526463653,0.41273645502507733
10,blue,RF,CV+_K192,0.935,0.3188150108048572,0.41273645502507733
10,blue,RF,wCV_FCS_K192,0.935,0.3260300476967471,0.41273645502507733
10,blue,RF,wCV_SCS_K192,0.935,0.3260300476967471,0.41273645502507733
10,blue,RF,JAW_FCS_KLOO_rep_K192,0.935,0.3199926787405859,0.41273645502507733
10,blue,RF,JAW_SCS_KLOO_rep_K192,0.93,0.3276072340589255,0.41273645502507733
10,blue,RF,JAW_FCS_KLOO_det_K192,0.93,0.3188212447098747,0.41273645502507733
10,blue,RF,JAW_SCS_KLOO_det_K192,0.93,0.3188212447098747,0.41273645502507733
11,blue,RF,split,0.945,0.719806400427492,0.4335935133633545
11,blue,RF,weighted_split,0.945,0.719806400427492,0.4335935133633545
11,blue,RF,JAW-FCS,0.895,0.2384486358704021,0.4335935133633545
11,blue,RF,JAW-SCS,0.895,0.2384486358704021,0.4335935133633545
11,blue,RF,jackknife+,0.895,0.2384486358704021,0.4335935133633545
11,blue,RF,CV+_K8,0.9,0.2576670143563004,0.4335935133633545
11,blue,RF,wCV_FCS_K8,0.9,0.26519359316230817,0.4335935133633545
11,blue,RF,wCV_SCS_K8,0.9,0.26519359316230817,0.4335935133633545
11,blue,RF,JAW_FCS_KLOO_rep_K8,0.89,0.2606025083233336,0.4335935133633545
11,blue,RF,JAW_SCS_KLOO_rep_K8,0.9,0.32390559400718244,0.4335935133633545
11,blue,RF,JAW_FCS_KLOO_det_K8,1.0,inf,0.4335935133633545
11,blue,RF,JAW_SCS_KLOO_det_K8,1.0,inf,0.4335935133633545
11,blue,RF,CV+_K12,0.905,0.24192225690198316,0.4335935133633545
11,blue,RF,wCV_FCS_K12,0.905,0.24631903215625972,0.4335935133633545
11,blue,RF,wCV_SCS_K12,0.905,0.24631903215625972,0.4335935133633545
11,blue,RF,JAW_FCS_KLOO_rep_K12,0.88,0.29398361716592647,0.4335935133633545
11,blue,RF,JAW_SCS_KLOO_rep_K12,0.87,0.32268205306345865,0.4335935133633545
11,blue,RF,JAW_FCS_KLOO_det_K12,0.925,inf,0.4335935133633545
11,blue,RF,JAW_SCS_KLOO_det_K12,0.925,inf,0.4335935133633545
11,blue,RF,CV+_K16,0.9,0.2513370051558885,0.4335935133633545
11,blue,RF,wCV_FCS_K16,0.905,0.2558151957341743,0.4335935133633545
11,blue,RF,wCV_SCS_K16,0.905,0.2558151957341743,0.4335935133633545
11,blue,RF,JAW_FCS_KLOO_rep_K16,0.935,0.3435335192139302,0.4335935133633545
11,blue,RF,JAW_SCS_KLOO_rep_K16,0.9,0.345529773473655,0.4335935133633545
11,blue,RF,JAW_FCS_KLOO_det_K16,0.995,inf,0.4335935133633545
11,blue,RF,JAW_SCS_KLOO_det_K16,0.995,inf,0.4335935133633545
11,blue,RF,CV+_K24,0.9,0.24409041927761815,0.4335935133633545
11,blue,RF,wCV_FCS_K24,0.9,0.24946689000634298,0.4335935133633545
11,blue,RF,wCV_SCS_K24,0.9,0.24946689000634298,0.4335935133633545
11,blue,RF,JAW_FCS_KLOO_rep_K24,0.915,0.28808601466907946,0.4335935133633545
11,blue,RF,JAW_SCS_KLOO_rep_K24,0.905,0.3043258886773442,0.4335935133633545
11,blue,RF,JAW_FCS_KLOO_det_K24,0.915,0.43709910349633263,0.4335935133633545
11,blue,RF,JAW_SCS_KLOO_det_K24,0.915,0.43709910349633263,0.4335935133633545
11,blue,RF,CV+_K32,0.9,0.2482215180920509,0.4335935133633545
11,blue,RF,wCV_FCS_K32,0.905,0.25392703157425656,0.4335935133633545
11,blue,RF,wCV_SCS_K32,0.905,0.25392703157425656,0.4335935133633545
11,blue,RF,JAW_FCS_KLOO_rep_K32,0.9,0.2809423400134714,0.4335935133633545
11,blue,RF,JAW_SCS_KLOO_rep_K32,0.895,0.2782883720924888,0.4335935133633545
11,blue,RF,JAW_FCS_KLOO_det_K32,0.88,0.22058391875402272,0.4335935133633545
11,blue,RF,JAW_SCS_KLOO_det_K32,0.88,0.22058391875402272,0.4335935133633545
11,blue,RF,CV+_K48,0.9,0.2380184701883417,0.4335935133633545
11,blue,RF,wCV_FCS_K48,0.905,0.24493082998680765,0.4335935133633545
11,blue,RF,wCV_SCS_K48,0.905,0.24493082998680765,0.4335935133633545
11,blue,RF,JAW_FCS_KLOO_rep_K48,0.9,0.26431182567116307,0.4335935133633545
11,blue,RF,JAW_SCS_KLOO_rep_K48,0.895,0.25919309060485135,0.4335935133633545
11,blue,RF,JAW_FCS_KLOO_det_K48,0.915,0.2929428135960284,0.4335935133633545
11,blue,RF,JAW_SCS_KLOO_det_K48,0.915,0.2929428135960284,0.4335935133633545
11,blue,RF,CV+_K96,0.895,0.23884499522290545,0.4335935133633545
11,blue,RF,wCV_FCS_K96,0.9,0.24252605232985447,0.4335935133633545
11,blue,RF,wCV_SCS_K96,0.9,0.24252605232985447,0.4335935133633545
11,blue,RF,JAW_FCS_KLOO_rep_K96,0.895,0.2557037403249661,0.4335935133633545
11,blue,RF,JAW_SCS_KLOO_rep_K96,0.885,0.2517112711821029,0.4335935133633545
11,blue,RF,JAW_FCS_KLOO_det_K96,0.895,0.24323167665676826,0.4335935133633545
11,blue,RF,JAW_SCS_KLOO_det_K96,0.895,0.24323167665676826,0.4335935133633545
11,blue,RF,CV+_K192,0.895,0.24640261776118053,0.4335935133633545
11,blue,RF,wCV_FCS_K192,0.9,0.24956105020868433,0.4335935133633545
11,blue,RF,wCV_SCS_K192,0.9,0.24956105020868433,0.4335935133633545
11,blue,RF,JAW_FCS_KLOO_rep_K192,0.9,0.2422525936763684,0.4335935133633545
11,blue,RF,JAW_SCS_KLOO_rep_K192,0.895,0.24257362041813227,0.4335935133633545
11,blue,RF,JAW_FCS_KLOO_det_K192,0.895,0.2384486358704021,0.4335935133633545
11,blue,RF,JAW_SCS_KLOO_det_K192,0.895,0.2384486358704021,0.4335935133633545
12,blue,RF,split,0.9,0.4542998370965943,0.4258274357230649
12,blue,RF,weighted_split,0.9,0.4542998370965943,0.4258274357230649
12,blue,RF,JAW-FCS,0.885,0.4300766939744167,0.4258274357230649
12,blue,RF,JAW-SCS,0.885,0.4300766939744167,0.4258274357230649
12,blue,RF,jackknife+,0.885,0.4300766939744167,0.4258274357230649
12,blue,RF,CV+_K8,0.9,0.4511408202835083,0.4258274357230649
12,blue,RF,wCV_FCS_K8,0.9,0.45712711889389623,0.4258274357230649
12,blue,RF,wCV_SCS_K8,0.9,0.45712711889389623,0.4258274357230649
12,blue,RF,JAW_FCS_KLOO_rep_K8,0.895,0.4893524199836081,0.4258274357230649
12,blue,RF,JAW_SCS_KLOO_rep_K8,0.895,0.5011916723272891,0.4258274357230649
12,blue,RF,JAW_FCS_KLOO_det_K8,1.0,inf,0.4258274357230649
12,blue,RF,JAW_SCS_KLOO_det_K8,1.0,inf,0.4258274357230649
12,blue,RF,CV+_K12,0.9,0.42491493412228404,0.4258274357230649
12,blue,RF,wCV_FCS_K12,0.9,0.42862159718258763,0.4258274357230649
12,blue,RF,wCV_SCS_K12,0.9,0.42862159718258763,0.4258274357230649
12,blue,RF,JAW_FCS_KLOO_rep_K12,0.885,0.49550592669329235,0.4258274357230649
12,blue,RF,JAW_SCS_KLOO_rep_K12,0.885,0.5586826711118804,0.4258274357230649
12,blue,RF,JAW_FCS_KLOO_det_K12,0.885,inf,0.4258274357230649
12,blue,RF,JAW_SCS_KLOO_det_K12,0.885,inf,0.4258274357230649
12,blue,RF,CV+_K16,0.885,0.38113533035696934,0.4258274357230649
12,blue,RF,wCV_FCS_K16,0.885,0.39012069131135046,0.4258274357230649
12,blue,RF,wCV_SCS_K16,0.885,0.39012069131135046,0.4258274357230649
12,blue,RF,JAW_FCS_KLOO_rep_K16,0.91,0.6052687020160266,0.4258274357230649
12,blue,RF,JAW_SCS_KLOO_rep_K16,0.905,0.6596922449526776,0.4258274357230649
12,blue,RF,JAW_FCS_KLOO_det_K16,0.885,inf,0.4258274357230649
12,blue,RF,JAW_SCS_KLOO_det_K16,0.885,inf,0.4258274357230649
12,blue,RF,CV+_K24,0.895,0.41451449446611555,0.4258274357230649
12,blue,RF,wCV_FCS_K24,0.895,0.4281163304721261,0.4258274357230649
12,blue,RF,wCV_SCS_K24,0.895,0.4281163304721261,0.4258274357230649
12,blue,RF,JAW_FCS_KLOO_rep_K24,0.895,0.5250964140838201,0.4258274357230649
12,blue,RF,JAW_SCS_KLOO_rep_K24,0.885,0.4862924825334487,0.4258274357230649
12,blue,RF,JAW_FCS_KLOO_det_K24,0.87,0.38578472771539485,0.4258274357230649
12,blue,RF,JAW_SCS_KLOO_det_K24,0.87,0.38578472771539485,0.4258274357230649
12,blue,RF,CV+_K32,0.895,0.439699838234353,0.4258274357230649
12,blue,RF,wCV_FCS_K32,0.895,0.4493024532123042,0.4258274357230649
12,blue,RF,wCV_SCS_K32,0.895,0.4493024532123042,0.4258274357230649
12,blue,RF,JAW_FCS_KLOO_rep_K32,0.88,0.46544483621006655,0.4258274357230649
12,blue,RF,JAW_SCS_KLOO_rep_K32,0.885,0.45683889734191685,0.4258274357230649
12,blue,RF,JAW_FCS_KLOO_det_K32,0.875,0.3797330207933063,0.4258274357230649
12,blue,RF,JAW_SCS_KLOO_det_K32,0.875,0.3797330207933063,0.4258274357230649
12,blue,RF,CV+_K48,0.895,0.4184629910925479,0.4258274357230649
12,blue,RF,wCV_FCS_K48,0.895,0.4265535801856314,0.4258274357230649
12,blue,RF,wCV_SCS_K48,0.895,0.4265535801856314,0.4258274357230649
12,blue,RF,JAW_FCS_KLOO_rep_K48,0.9,0.46855942683401386,0.4258274357230649
12,blue,RF,JAW_SCS_KLOO_rep_K48,0.89,0.4709206906055615,0.4258274357230649
12,blue,RF,JAW_FCS_KLOO_det_K48,0.91,0.6471865668927804,0.4258274357230649
12,blue,RF,JAW_SCS_KLOO_det_K48,0.91,0.6471865668927804,0.4258274357230649
12,blue,RF,CV+_K96,0.895,0.4605261803123739,0.4258274357230649
12,blue,RF,wCV_FCS_K96,0.895,0.465676890911918,0.4258274357230649
12,blue,RF,wCV_SCS_K96,0.895,0.465676890911918,0.4258274357230649
12,blue,RF,JAW_FCS_KLOO_rep_K96,0.89,0.43463151808753886,0.4258274357230649
12,blue,RF,JAW_SCS_KLOO_rep_K96,0.89,0.45395596207640443,0.4258274357230649
12,blue,RF,JAW_FCS_KLOO_det_K96,0.885,0.4439732292199405,0.4258274357230649
12,blue,RF,JAW_SCS_KLOO_det_K96,0.885,0.4439732292199405,0.4258274357230649
12,blue,RF,CV+_K192,0.89,0.46529100816520064,0.4258274357230649
12,blue,RF,wCV_FCS_K192,0.89,0.4728963406092116,0.4258274357230649
12,blue,RF,wCV_SCS_K192,0.89,0.4728963406092116,0.4258274357230649
12,blue,RF,JAW_FCS_KLOO_rep_K192,0.885,0.43375727104212236,0.4258274357230649
12,blue,RF,JAW_SCS_KLOO_rep_K192,0.89,0.436587057815399,0.4258274357230649
12,blue,RF,JAW_FCS_KLOO_det_K192,0.885,0.4300766939744167,0.4258274357230649
12,blue,RF,JAW_SCS_KLOO_det_K192,0.885,0.4300766939744167,0.4258274357230649
13,blue,RF,split,0.915,0.30015666060748203,0.46753738169372555
13,blue,RF,weighted_split,0.915,0.30015666060748203,0.46753738169372555
13,blue,RF,JAW-FCS,0.94,0.29366406421985386,0.46753738169372555
13,blue,RF,JAW-SCS,0.94,0.29366406421985386,0.46753738169372555
13,blue,RF,jackknife+,0.94,0.29366406421985386,0.46753738169372555
13,blue,RF,CV+_K8,0.93,0.2635279818849128,0.46753738169372555
13,blue,RF,wCV_FCS_K8,0.93,0.26884919431639553,0.46753738169372555
13,blue,RF,wCV_SCS_K8,0.93,0.26884919431639553,0.46753738169372555
13,blue,RF,JAW_FCS_KLOO_rep_K8,0.925,0.33142313460598094,0.46753738169372555
13,blue,RF,JAW_SCS_KLOO_rep_K8,0.92,0.35502850969436306,0.46753738169372555
13,blue,RF,JAW_FCS_KLOO_det_K8,1.0,inf,0.46753738169372555
13,blue,RF,JAW_SCS_KLOO_det_K8,1.0,inf,0.46753738169372555
13,blue,RF,CV+_K12,0.945,0.2825842365779542,0.46753738169372555
13,blue,RF,wCV_FCS_K12,0.945,0.28633303007787536,0.46753738169372555
13,blue,RF,wCV_SCS_K12,0.945,0.28633303007787536,0.46753738169372555
13,blue,RF,JAW_FCS_KLOO_rep_K12,0.94,0.3388697032788382,0.46753738169372555
13,blue,RF,JAW_SCS_KLOO_rep_K12,0.925,0.35330800776302596,0.46753738169372555
13,blue,RF,JAW_FCS_KLOO_det_K12,0.975,inf,0.46753738169372555
13,blue,RF,JAW_SCS_KLOO_det_K12,0.975,inf,0.46753738169372555
13,blue,RF,CV+_K16,0.93,0.27443502969616534,0.46753738169372555
13,blue,RF,wCV_FCS_K16,0.93,0.27858870211801967,0.46753738169372555
13,blue,RF,wCV_SCS_K16,0.93,0.27858870211801967,0.46753738169372555
13,blue,RF,JAW_FCS_KLOO_rep_K16,0.945,0.3675797674886939,0.46753738169372555
13,blue,RF,JAW_SCS_KLOO_rep_K16,0.94,0.380791340618053,0.46753738169372555
13,blue,RF,JAW_FCS_KLOO_det_K16,0.975,inf,0.46753738169372555
13,blue,RF,JAW_SCS_KLOO_det_K16,0.975,inf,0.46753738169372555
13,blue,RF,CV+_K24,0.955,0.31070066549999376,0.46753738169372555
13,blue,RF,wCV_FCS_K24,0.955,0.31480305511944096,0.46753738169372555
13,blue,RF,wCV_SCS_K24,0.955,0.31480305511944096,0.46753738169372555
13,blue,RF,JAW_FCS_KLOO_rep_K24,0.93,0.3298400838301592,0.46753738169372555
13,blue,RF,JAW_SCS_KLOO_rep_K24,0.935,0.3557186342221351,0.46753738169372555
13,blue,RF,JAW_FCS_KLOO_det_K24,0.985,0.8494784715644659,0.46753738169372555
13,blue,RF,JAW_SCS_KLOO_det_K24,0.985,0.8494784715644659,0.46753738169372555
13,blue,RF,CV+_K32,0.93,0.2689321146171227,0.46753738169372555
13,blue,RF,wCV_FCS_K32,0.935,0.27296347486881933,0.46753738169372555
13,blue,RF,wCV_SCS_K32,0.935,0.27296347486881933,0.46753738169372555
13,blue,RF,JAW_FCS_KLOO_rep_K32,0.93,0.32685193640257004,0.46753738169372555
13,blue,RF,JAW_SCS_KLOO_rep_K32,0.94,0.33193121350293403,0.46753738169372555
13,blue,RF,JAW_FCS_KLOO_det_K32,0.965,0.5520032673416762,0.46753738169372555
13,blue,RF,JAW_SCS_KLOO_det_K32,0.965,0.5520032673416762,0.46753738169372555
13,blue,RF,CV+_K48,0.945,0.3033915178864693,0.46753738169372555
13,blue,RF,wCV_FCS_K48,0.95,0.3139778207800218,0.46753738169372555
13,blue,RF,wCV_SCS_K48,0.95,0.3139778207800218,0.46753738169372555
13,blue,RF,JAW_FCS_KLOO_rep_K48,0.93,0.3071704605469203,0.46753738169372555
13,blue,RF,JAW_SCS_KLOO_rep_K48,0.94,0.31897603774993377,0.46753738169372555
13,blue,RF,JAW_FCS_KLOO_det_K48,0.965,0.33623170209240594,0.46753738169372555
13,blue,RF,JAW_SCS_KLOO_det_K48,0.965,0.33623170209240594,0.46753738169372555
13,blue,RF,CV+_K96,0.93,0.2751200824745397,0.46753738169372555
13,blue,RF,wCV_FCS_K96,0.935,0.28068177673777517,0.46753738169372555
13,blue,RF,wCV_SCS_K96,0.935,0.28068177673777517,0.46753738169372555
13,blue,RF,JAW_FCS_KLOO_rep_K96,0.945,0.29707698744178723,0.46753738169372555
13,blue,RF,JAW_SCS_KLOO_rep_K96,0.93,0.3008490992502776,0.46753738169372555
13,blue,RF,JAW_FCS_KLOO_det_K96,0.945,0.3002141152507715,0.46753738169372555
13,blue,RF,JAW_SCS_KLOO_det_K96,0.945,0.3002141152507715,0.46753738169372555
13,blue,RF,CV+_K192,0.94,0.27729539884106735,0.46753738169372555
13,blue,RF,wCV_FCS_K192,0.94,0.28256943241964005,0.46753738169372555
13,blue,RF,wCV_SCS_K192,0.94,0.28256943241964005,0.46753738169372555
13,blue,RF,JAW_FCS_KLOO_rep_K192,0.945,0.2976423055929812,0.46753738169372555
13,blue,RF,JAW_SCS_KLOO_rep_K192,0.945,0.29533086314997703,0.46753738169372555
13,blue,RF,JAW_FCS_KLOO_det_K192,0.94,0.29366406421985386,0.46753738169372555
13,blue,RF,JAW_SCS_KLOO_det_K192,0.94,0.29366406421985386,0.46753738169372555
14,blue,RF,split,0.89,0.36876056630985676,0.4425819716752505
14,blue,RF,weighted_split,0.89,0.36876056630985676,0.4425819716752505
14,blue,RF,JAW-FCS,0.88,0.31258366726299486,0.4425819716752505
14,blue,RF,JAW-SCS,0.88,0.31258366726299486,0.4425819716752505
14,blue,RF,jackknife+,0.88,0.31258366726299486,0.4425819716752505
14,blue,RF,CV+_K8,0.88,0.3165774603370668,0.4425819716752505
14,blue,RF,wCV_FCS_K8,0.885,0.33040899990441164,0.4425819716752505
14,blue,RF,wCV_SCS_K8,0.885,0.33040899990441164,0.4425819716752505
14,blue,RF,JAW_FCS_KLOO_rep_K8,0.89,0.39070704479599744,0.4425819716752505
14,blue,RF,JAW_SCS_KLOO_rep_K8,0.89,0.3848836807316416,0.4425819716752505
14,blue,RF,JAW_FCS_KLOO_det_K8,1.0,inf,0.4425819716752505
14,blue,RF,JAW_SCS_KLOO_det_K8,1.0,inf,0.4425819716752505
14,blue,RF,CV+_K12,0.885,0.3286710662638468,0.4425819716752505
14,blue,RF,wCV_FCS_K12,0.885,0.33415918531226446,0.4425819716752505
14,blue,RF,wCV_SCS_K12,0.885,0.33415918531226446,0.4425819716752505
14,blue,RF,JAW_FCS_KLOO_rep_K12,0.885,0.41711386670196915,0.4425819716752505
14,blue,RF,JAW_SCS_KLOO_rep_K12,0.87,0.42501364375829703,0.4425819716752505
14,blue,RF,JAW_FCS_KLOO_det_K12,1.0,inf,0.4425819716752505
14,blue,RF,JAW_SCS_KLOO_det_K12,1.0,inf,0.4425819716752505
14,blue,RF,CV+_K16,0.88,0.28719326709126225,0.4425819716752505
14,blue,RF,wCV_FCS_K16,0.885,0.2957577053738717,0.4425819716752505
14,blue,RF,wCV_SCS_K16,0.885,0.2957577053738717,0.4425819716752505
14,blue,RF,JAW_FCS_KLOO_rep_K16,0.915,0.451280911708694,0.4425819716752505
14,blue,RF,JAW_SCS_KLOO_rep_K16,0.905,0.45408190100355583,0.4425819716752505
14,blue,RF,JAW_FCS_KLOO_det_K16,1.0,inf,0.4425819716752505
14,blue,RF,JAW_SCS_KLOO_det_K16,1.0,inf,0.4425819716752505
14,blue,RF,CV+_K24,0.875,0.2943706003781814,0.4425819716752505
14,blue,RF,wCV_FCS_K24,0.88,0.29820724715053804,0.4425819716752505
14,blue,RF,wCV_SCS_K24,0.88,0.29820724715053804,0.4425819716752505
14,blue,RF,JAW_FCS_KLOO_rep_K24,0.895,0.3878660841004355,0.4425819716752505
14,blue,RF,JAW_SCS_KLOO_rep_K24,0.915,0.40808087971080287,0.4425819716752505
14,blue,RF,JAW_FCS_KLOO_det_K24,0.98,0.8184484015706025,0.4425819716752505
14,blue,RF,JAW_SCS_KLOO_det_K24,0.98,0.8184484015706025,0.4425819716752505
14,blue,RF,CV+_K32,0.88,0.2773327132176172,0.4425819716752505
14,blue,RF,wCV_FCS_K32,0.88,0.2816393949646575,0.4425819716752505
14,blue,RF,wCV_SCS_K32,0.88,0.2816393949646575,0.4425819716752505
14,blue,RF,JAW_FCS_KLOO_rep_K32,0.9,0.37637785235435406,0.4425819716752505
14,blue,RF,JAW_SCS_KLOO_rep_K32,0.89,0.37701713038895474,0.4425819716752505
14,blue,RF,JAW_FCS_KLOO_det_K32,0.94,0.5812771456925043,0.4425819716752505
14,blue,RF,JAW_SCS_KLOO_det_K32,0.94,0.5812771456925043,0.4425819716752505
14,blue,RF,CV+_K48,0.88,0.33636278316165236,0.4425819716752505
14,blue,RF,wCV_FCS_K48,0.885,0.34288508657416417,0.4425819716752505
14,blue,RF,wCV_SCS_K48,0.885,0.34288508657416417,0.4425819716752505
14,blue,RF,JAW_FCS_KLOO_rep_K48,0.895,0.3509189059999171,0.4425819716752505
14,blue,RF,JAW_SCS_KLOO_rep_K48,0.865,0.34511878980637856,0.4425819716752505
14,blue,RF,JAW_FCS_KLOO_det_K48,0.915,0.4079202783581646,0.4425819716752505
14,blue,RF,JAW_SCS_KLOO_det_K48,0.915,0.4079202783581646,0.4425819716752505
14,blue,RF,CV+_K96,0.905,0.36833939884773303,0.4425819716752505
14,blue,RF,wCV_FCS_K96,0.905,0.3824442035803135,0.4425819716752505
14,blue,RF,wCV_SCS_K96,0.905,0.3824442035803135,0.4425819716752505
14,blue,RF,JAW_FCS_KLOO_rep_K96,0.895,0.3333315965022283,0.4425819716752505
14,blue,RF,JAW_SCS_KLOO_rep_K96,0.9,0.32860635913215797,0.4425819716752505
14,blue,RF,JAW_FCS_KLOO_det_K96,0.93,0.5057176984769753,0.4425819716752505
14,blue,RF,JAW_SCS_KLOO_det_K96,0.93,0.5057176984769753,0.4425819716752505
14,blue,RF,CV+_K192,0.875,0.30010660068371864,0.4425819716752505
14,blue,RF,wCV_FCS_K192,0.88,0.30657453947335883,0.4425819716752505
14,blue,RF,wCV_SCS_K192,0.88,0.30657453947335883,0.4425819716752505
14,blue,RF,JAW_FCS_KLOO_rep_K192,0.88,0.3163608230530819,0.4425819716752505
14,blue,RF,JAW_SCS_KLOO_rep_K192,0.88,0.31453531283968195,0.4425819716752505
14,blue,RF,JAW_FCS_KLOO_det_K192,0.88,0.31258366726299486,0.4425819716752505
14,blue,RF,JAW_SCS_KLOO_det_K192,0.88,0.31258366726299486,0.4425819716752505
15,blue,RF,split,0.96,0.564019150103023,0.39042565239733606
15,blue,RF,weighted_split,0.96,0.564019150103023,0.39042565239733606
15,blue,RF,JAW-FCS,0.92,0.32924816319969397,0.39042565239733606
15,blue,RF,JAW-SCS,0.92,0.32924816319969397,0.39042565239733606
15,blue,RF,jackknife+,0.92,0.32924816319969397,0.39042565239733606
15,blue,RF,CV+_K8,0.935,0.4259410096787463,0.39042565239733606
15,blue,RF,wCV_FCS_K8,0.935,0.43602413998934,0.39042565239733606
15,blue,RF,wCV_SCS_K8,0.935,0.43602413998934,0.39042565239733606
15,blue,RF,JAW_FCS_KLOO_rep_K8,0.92,0.4061812784851204,0.39042565239733606
15,blue,RF,JAW_SCS_KLOO_rep_K8,0.885,0.3663036638476038,0.39042565239733606
15,blue,RF,JAW_FCS_KLOO_det_K8,1.0,inf,0.39042565239733606
15,blue,RF,JAW_SCS_KLOO_det_K8,1.0,inf,0.39042565239733606
15,blue,RF,CV+_K12,0.935,0.361895874706882,0.39042565239733606
15,blue,RF,wCV_FCS_K12,0.935,0.3748153658074549,0.39042565239733606
15,blue,RF,wCV_SCS_K12,0.935,0.3748153658074549,0.39042565239733606
15,blue,RF,JAW_FCS_KLOO_rep_K12,0.89,0.4297041550449926,0.39042565239733606
15,blue,RF,JAW_SCS_KLOO_rep_K12,0.905,0.4059703366248537,0.39042565239733606
15,blue,RF,JAW_FCS_KLOO_det_K12,0.98,inf,0.39042565239733606
15,blue,RF,JAW_SCS_KLOO_det_K12,0.98,inf,0.39042565239733606
15,blue,RF,CV+_K16,0.92,0.35161001654379237,0.39042565239733606
15,blue,RF,wCV_FCS_K16,0.92,0.3582553293841173,0.39042565239733606
15,blue,RF,wCV_SCS_K16,0.92,0.3582553293841173,0.39042565239733606
15,blue,RF,JAW_FCS_KLOO_rep_K16,0.95,0.49623618955281745,0.39042565239733606
15,blue,RF,JAW_SCS_KLOO_rep_K16,0.91,0.5112292527875141,0.39042565239733606
15,blue,RF,JAW_FCS_KLOO_det_K16,0.99,inf,0.39042565239733606
15,blue,RF,JAW_SCS_KLOO_det_K16,0.99,inf,0.39042565239733606
15,blue,RF,CV+_K24,0.935,0.38361369470103823,0.39042565239733606
15,blue,RF,wCV_FCS_K24,0.935,0.38781266282728055,0.39042565239733606
15,blue,RF,wCV_SCS_K24,0.935,0.38781266282728055,0.39042565239733606
15,blue,RF,JAW_FCS_KLOO_rep_K24,0.92,0.4030437413465338,0.39042565239733606
15,blue,RF,JAW_SCS_KLOO_rep_K24,0.925,0.43224266469612516,0.39042565239733606
15,blue,RF,JAW_FCS_KLOO_det_K24,0.965,0.6518161168935006,0.39042565239733606
15,blue,RF,JAW_SCS_KLOO_det_K24,0.965,0.6518161168935006,0.39042565239733606
15,blue,RF,CV+_K32,0.94,0.41965738518441,0.39042565239733606
15,blue,RF,wCV_FCS_K32,0.94,0.42818717347013274,0.39042565239733606
15,blue,RF,wCV_SCS_K32,0.94,0.42818717347013274,0.39042565239733606
15,blue,RF,JAW_FCS_KLOO_rep_K32,0.91,0.3662372150740061,0.39042565239733606
15,blue,RF,JAW_SCS_KLOO_rep_K32,0.92,0.35719904816840614,0.39042565239733606
15,blue,RF,JAW_FCS_KLOO_det_K32,0.965,0.6494829614178719,0.39042565239733606
15,blue,RF,JAW_SCS_KLOO_det_K32,0.965,0.6494829614178719,0.39042565239733606
15,blue,RF,CV+_K48,0.915,0.35321767952689354,0.39042565239733606
15,blue,RF,wCV_FCS_K48,0.915,0.3603858115852885,0.39042565239733606
15,blue,RF,wCV_SCS_K48,0.915,0.3603858115852885,0.39042565239733606
15,blue,RF,JAW_FCS_KLOO_rep_K48,0.915,0.38153334386657356,0.39042565239733606
15,blue,RF,JAW_SCS_KLOO_rep_K48,0.905,0.33873377040207886,0.39042565239733606
15,blue,RF,JAW_FCS_KLOO_det_K48,0.965,0.6812102696364445,0.39042565239733606
15,blue,RF,JAW_SCS_KLOO_det_K48,0.965,0.6812102696364445,0.39042565239733606
15,blue,RF,CV+_K96,0.93,0.35546233133612526,0.39042565239733606
15,blue,RF,wCV_FCS_K96,0.93,0.3600170713398819,0.39042565239733606
15,blue,RF,wCV_SCS_K96,0.93,0.3600170713398819,0.39042565239733606
15,blue,RF,JAW_FCS_KLOO_rep_K96,0.925,0.3433001751957066,0.39042565239733606
15,blue,RF,JAW_SCS_KLOO_rep_K96,0.92,0.347879546542089,0.39042565239733606
15,blue,RF,JAW_FCS_KLOO_det_K96,0.955,0.5261216074730737,0.39042565239733606
15,blue,RF,JAW_SCS_KLOO_det_K96,0.955,0.5261216074730737,0.39042565239733606
15,blue,RF,CV+_K192,0.905,0.3301156869619142,0.39042565239733606
15,blue,RF,wCV_FCS_K192,0.915,0.33638071549707194,0.39042565239733606
15,blue,RF,wCV_SCS_K192,0.915,0.33638071549707194,0.39042565239733606
15,blue,RF,JAW_FCS_KLOO_rep_K192,0.915,0.340801712986079,0.39042565239733606
15,blue,RF,JAW_SCS_KLOO_rep_K192,0.925,0.3381277960957406,0.39042565239733606
15,blue,RF,JAW_FCS_KLOO_det_K192,0.92,0.32924816319969397,0.39042565239733606
15,blue,RF,JAW_SCS_KLOO_det_K192,0.92,0.32924816319969397,0.39042565239733606
16,blue,RF,split,0.895,0.34603281665104735,0.39787214521893155
16,blue,RF,weighted_split,0.895,0.34603281665104735,0.39787214521893155
16,blue,RF,JAW-FCS,0.92,0.31677795247694196,0.39787214521893155
16,blue,RF,JAW-SCS,0.92,0.31677795247694196,0.39787214521893155
16,blue,RF,jackknife+,0.92,0.31677795247694196,0.39787214521893155
16,blue,RF,CV+_K8,0.92,0.3113129518979245,0.39787214521893155
16,blue,RF,wCV_FCS_K8,0.92,0.3158399337356526,0.39787214521893155
16,blue,RF,wCV_SCS_K8,0.92,0.3158399337356526,0.39787214521893155
16,blue,RF,JAW_FCS_KLOO_rep_K8,0.925,0.3553172503577753,0.39787214521893155
16,blue,RF,JAW_SCS_KLOO_rep_K8,0.91,0.3549098135777151,0.39787214521893155
16,blue,RF,JAW_FCS_KLOO_det_K8,1.0,inf,0.39787214521893155
16,blue,RF,JAW_SCS_KLOO_det_K8,1.0,inf,0.39787214521893155
16,blue,RF,CV+_K12,0.925,0.2976657469845172,0.39787214521893155
16,blue,RF,wCV_FCS_K12,0.925,0.30236967360045186,0.39787214521893155
16,blue,RF,wCV_SCS_K12,0.925,0.30236967360045186,0.39787214521893155
16,blue,RF,JAW_FCS_KLOO_rep_K12,0.89,0.3545858063999151,0.39787214521893155
16,blue,RF,JAW_SCS_KLOO_rep_K12,0.91,0.35042291760733013,0.39787214521893155
16,blue,RF,JAW_FCS_KLOO_det_K12,0.965,inf,0.39787214521893155
16,blue,RF,JAW_SCS_KLOO_det_K12,0.965,inf,0.39787214521893155
16,blue,RF,CV+_K16,0.92,0.33363972550780674,0.39787214521893155
16,blue,RF,wCV_FCS_K16,0.92,0.33865404299804913,0.39787214521893155
16,blue,RF,wCV_SCS_K16,0.92,0.33865404299804913,0.39787214521893155
16,blue,RF,JAW_FCS_KLOO_rep_K16,0.92,0.42556781206291733,0.39787214521893155
16,blue,RF,JAW_SCS_KLOO_rep_K16,0.92,0.39578527634327665,0.39787214521893155
16,blue,RF,JAW_FCS_KLOO_det_K16,0.965,inf,0.39787214521893155
16,blue,RF,JAW_SCS_KLOO_det_K16,0.965,inf,0.39787214521893155
16,blue,RF,CV+_K24,0.915,0.31231879749279556,0.39787214521893155
16,blue,RF,wCV_FCS_K24,0.92,0.31711956869347824,0.39787214521893155
16,blue,RF,wCV_SCS_K24,0.92,0.31711956869347824,0.39787214521893155
16,blue,RF,JAW_FCS_KLOO_rep_K24,0.92,0.33376177423015385,0.39787214521893155
16,blue,RF,JAW_SCS_KLOO_rep_K24,0.93,0.3635277007751061,0.39787214521893155
16,blue,RF,JAW_FCS_KLOO_det_K24,0.93,0.3429355382619705,0.39787214521893155
16,blue,RF,JAW_SCS_KLOO_det_K24,0.93,0.3429355382619705,0.39787214521893155
16,blue,RF,CV+_K32,0.92,0.32066536110921917,0.39787214521893155
16,blue,RF,wCV_FCS_K32,0.92,0.3243337258951938,0.39787214521893155
16,blue,RF,wCV_SCS_K32,0.92,0.3243337258951938,0.39787214521893155
16,blue,RF,JAW_FCS_KLOO_rep_K32,0.915,0.338902326651109,0.39787214521893155
16,blue,RF,JAW_SCS_KLOO_rep_K32,0.89,0.3309502609674578,0.39787214521893155
16,blue,RF,JAW_FCS_KLOO_det_K32,0.925,0.3447568982375138,0.39787214521893155
16,blue,RF,JAW_SCS_KLOO_det_K32,0.925,0.3447568982375138,0.39787214521893155
16,blue,RF,CV+_K48,0.92,0.3101899294326157,0.39787214521893155
16,blue,RF,wCV_FCS_K48,0.92,0.31482007700428627,0.39787214521893155
16,blue,RF,wCV_SCS_K48,0.92,0.31482007700428627,0.39787214521893155
16,blue,RF,JAW_FCS_KLOO_rep_K48,0.915,0.3227821259879281,0.39787214521893155
16,blue,RF,JAW_SCS_KLOO_rep_K48,0.925,0.3237257559656045,0.39787214521893155
16,blue,RF,JAW_FCS_KLOO_det_K48,0.935,0.35094507202214115,0.39787214521893155
16,blue,RF,JAW_SCS_KLOO_det_K48,0.935,0.35094507202214115,0.39787214521893155
16,blue,RF,CV+_K96,0.92,0.31379748898891124,0.39787214521893155
16,blue,RF,wCV_FCS_K96,0.92,0.3187026965282277,0.39787214521893155
16,blue,RF,wCV_SCS_K96,0.92,0.3187026965282277,0.39787214521893155
16,blue,RF,JAW_FCS_KLOO_rep_K96,0.91,0.3241121648664745,0.39787214521893155
16,blue,RF,JAW_SCS_KLOO_rep_K96,0.915,0.32556168423417864,0.39787214521893155
16,blue,RF,JAW_FCS_KLOO_det_K96,0.925,0.3231138884455434,0.39787214521893155
16,blue,RF,JAW_SCS_KLOO_det_K96,0.925,0.3231138884455434,0.39787214521893155
16,blue,RF,CV+_K192,0.915,0.3131093278069319,0.39787214521893155
16,blue,RF,wCV_FCS_K192,0.915,0.3167743230108484,0.39787214521893155
16,blue,RF,wCV_SCS_K192,0.915,0.3167743230108484,0.39787214521893155
16,blue,RF,JAW_FCS_KLOO_rep_K192,0.925,0.31719120759573843,0.39787214521893155
16,blue,RF,JAW_SCS_KLOO_rep_K192,0.92,0.3186085095807698,0.39787214521893155
16,blue,RF,JAW_FCS_KLOO_det_K192,0.92,0.31677795247694196,0.39787214521893155
16,blue,RF,JAW_SCS_KLOO_det_K192,0.92,0.31677795247694196,0.39787214521893155
17,blue,RF,split,0.93,0.35950338114470326,0.43576378193995713
17,blue,RF,weighted_split,0.93,0.35950338114470326,0.43576378193995713
17,blue,RF,JAW-FCS,0.91,0.3297861364709173,0.43576378193995713
17,blue,RF,JAW-SCS,0.91,0.3297861364709173,0.43576378193995713
17,blue,RF,jackknife+,0.91,0.3297861364709173,0.43576378193995713
17,blue,RF,CV+_K8,0.915,0.33449606890073946,0.43576378193995713
17,blue,RF,wCV_FCS_K8,0.915,0.347817034966869,0.43576378193995713
17,blue,RF,wCV_SCS_K8,0.915,0.347817034966869,0.43576378193995713
17,blue,RF,JAW_FCS_KLOO_rep_K8,0.905,0.41170733520247604,0.43576378193995713
17,blue,RF,JAW_SCS_KLOO_rep_K8,0.87,0.36324406459197894,0.43576378193995713
17,blue,RF,JAW_FCS_KLOO_det_K8,1.0,inf,0.43576378193995713
17,blue,RF,JAW_SCS_KLOO_det_K8,1.0,inf,0.43576378193995713
17,blue,RF,CV+_K12,0.92,0.3709407654270096,0.43576378193995713
17,blue,RF,wCV_FCS_K12,0.92,0.3809157263653691,0.43576378193995713
17,blue,RF,wCV_SCS_K12,0.92,0.3809157263653691,0.43576378193995713
17,blue,RF,JAW_FCS_KLOO_rep_K12,0.89,0.4542524630704857,0.43576378193995713
17,blue,RF,JAW_SCS_KLOO_rep_K12,0.9,0.40974367564734465,0.43576378193995713
17,blue,RF,JAW_FCS_KLOO_det_K12,0.9,inf,0.43576378193995713
17,blue,RF,JAW_SCS_KLOO_det_K12,0.9,inf,0.43576378193995713
17,blue,RF,CV+_K16,0.915,0.3213476353587212,0.43576378193995713
17,blue,RF,wCV_FCS_K16,0.92,0.32815346771818543,0.43576378193995713
17,blue,RF,wCV_SCS_K16,0.92,0.32815346771818543,0.43576378193995713
17,blue,RF,JAW_FCS_KLOO_rep_K16,0.905,0.45964225457834224,0.43576378193995713
17,blue,RF,JAW_SCS_KLOO_rep_K16,0.955,0.49280933513144753,0.43576378193995713
17,blue,RF,JAW_FCS_KLOO_det_K16,0.995,inf,0.43576378193995713
17,blue,RF,JAW_SCS_KLOO_det_K16,0.995,inf,0.43576378193995713
17,blue,RF,CV+_K24,0.92,0.40248754089567795,0.43576378193995713
17,blue,RF,wCV_FCS_K24,0.925,0.4098311359765723,0.43576378193995713
17,blue,RF,wCV_SCS_K24,0.925,0.4098311359765723,0.43576378193995713
17,blue,RF,JAW_FCS_KLOO_rep_K24,0.925,0.40223101560515695,0.43576378193995713
17,blue,RF,JAW_SCS_KLOO_rep_K24,0.925,0.4198296211681454,0.43576378193995713
17,blue,RF,JAW_FCS_KLOO_det_K24,0.98,0.6397340864473195,0.43576378193995713
17,blue,RF,JAW_SCS_KLOO_det_K24,0.98,0.6397340864473195,0.43576378193995713
17,blue,RF,CV+_K32,0.925,0.3838736354605221,0.43576378193995713
17,blue,RF,wCV_FCS_K32,0.925,0.39136339000517373,0.43576378193995713
17,blue,RF,wCV_SCS_K32,0.925,0.39136339000517373,0.43576378193995713
17,blue,RF,JAW_FCS_KLOO_rep_K32,0.915,0.3601216634195491,0.43576378193995713
17,blue,RF,JAW_SCS_KLOO_rep_K32,0.9,0.3958999444657083,0.43576378193995713
17,blue,RF,JAW_FCS_KLOO_det_K32,0.95,0.5326078420382244,0.43576378193995713
17,blue,RF,JAW_SCS_KLOO_det_K32,0.95,0.5326078420382244,0.43576378193995713
17,blue,RF,CV+_K48,0.925,0.34484798722687804,0.43576378193995713
17,blue,RF,wCV_FCS_K48,0.925,0.37107907086810343,0.43576378193995713
17,blue,RF,wCV_SCS_K48,0.925,0.37107907086810343,0.43576378193995713
17,blue,RF,JAW_FCS_KLOO_rep_K48,0.925,0.35655787372855474,0.43576378193995713
17,blue,RF,JAW_SCS_KLOO_rep_K48,0.895,0.34700887037869604,0.43576378193995713
17,blue,RF,JAW_FCS_KLOO_det_K48,0.94,0.4418829043830501,0.43576378193995713
17,blue,RF,JAW_SCS_KLOO_det_K48,0.94,0.4418829043830501,0.43576378193995713
17,blue,RF,CV+_K96,0.915,0.3114785266564556,0.43576378193995713
17,blue,RF,wCV_FCS_K96,0.92,0.31587974106035055,0.43576378193995713
17,blue,RF,wCV_SCS_K96,0.92,0.31587974106035055,0.43576378193995713
17,blue,RF,JAW_FCS_KLOO_rep_K96,0.92,0.347940931457991,0.43576378193995713
17,blue,RF,JAW_SCS_KLOO_rep_K96,0.905,0.3592531885604956,0.43576378193995713
17,blue,RF,JAW_FCS_KLOO_det_K96,0.925,0.32945894793497954,0.43576378193995713
17,blue,RF,JAW_SCS_KLOO_det_K96,0.925,0.32945894793497954,0.43576378193995713
17,blue,RF,CV+_K192,0.925,0.36578354317338724,0.43576378193995713
17,blue,RF,wCV_FCS_K192,0.925,0.37192180421650833,0.43576378193995713
17,blue,RF,wCV_SCS_K192,0.925,0.37192180421650833,0.43576378193995713
17,blue,RF,JAW_FCS_KLOO_rep_K192,0.905,0.3368301502741649,0.43576378193995713
17,blue,RF,JAW_SCS_KLOO_rep_K192,0.91,0.3348660854460247,0.43576378193995713
17,blue,RF,JAW_FCS_KLOO_det_K192,0.91,0.3297861364709173,0.43576378193995713
17,blue,RF,JAW_SCS_KLOO_det_K192,0.91,0.3297861364709173,0.43576378193995713
18,blue,RF,split,0.805,0.2921538423859191,0.4335241019208687
18,blue,RF,weighted_split,0.805,0.2921538423859191,0.4335241019208687
18,blue,RF,JAW-FCS,0.885,0.39143053866875344,0.4335241019208687
18,blue,RF,JAW-SCS,0.885,0.39143053866875344,0.4335241019208687
18,blue,RF,jackknife+,0.885,0.39143053866875344,0.4335241019208687
18,blue,RF,CV+_K8,0.89,0.35100753474757723,0.4335241019208687
18,blue,RF,wCV_FCS_K8,0.89,0.35384570884167543,0.4335241019208687
18,blue,RF,wCV_SCS_K8,0.89,0.35384570884167543,0.4335241019208687
18,blue,RF,JAW_FCS_KLOO_rep_K8,0.865,0.41988249252022736,0.4335241019208687
18,blue,RF,JAW_SCS_KLOO_rep_K8,0.875,0.42209220702185357,0.4335241019208687
18,blue,RF,JAW_FCS_KLOO_det_K8,1.0,inf,0.4335241019208687
18,blue,RF,JAW_SCS_KLOO_det_K8,1.0,inf,0.4335241019208687
18,blue,RF,CV+_K12,0.91,0.4127292853049044,0.4335241019208687
18,blue,RF,wCV_FCS_K12,0.915,0.42136927202439856,0.4335241019208687
18,blue,RF,wCV_SCS_K12,0.915,0.42136927202439856,0.4335241019208687
18,blue,RF,JAW_FCS_KLOO_rep_K12,0.855,0.44848067804862685,0.4335241019208687
18,blue,RF,JAW_SCS_KLOO_rep_K12,0.895,0.4464995915725395,0.4335241019208687
18,blue,RF,JAW_FCS_KLOO_det_K12,0.99,inf,0.4335241019208687
18,blue,RF,JAW_SCS_KLOO_det_K12,0.99,inf,0.4335241019208687
18,blue,RF,CV+_K16,0.89,0.3941599235962773,0.4335241019208687
18,blue,RF,wCV_FCS_K16,0.895,0.4010525786745684,0.4335241019208687
18,blue,RF,wCV_SCS_K16,0.895,0.4010525786745684,0.4335241019208687
18,blue,RF,JAW_FCS_KLOO_rep_K16,0.895,0.4813624781910575,0.4335241019208687
18,blue,RF,JAW_SCS_KLOO_rep_K16,0.905,0.5080838081034933,0.4335241019208687
18,blue,RF,JAW_FCS_KLOO_det_K16,0.99,inf,0.4335241019208687
18,blue,RF,JAW_SCS_KLOO_det_K16,0.99,inf,0.4335241019208687
18,blue,RF,CV+_K24,0.875,0.33567877713751504,0.4335241019208687
18,blue,RF,wCV_FCS_K24,0.875,0.33856889609226426,0.4335241019208687
18,blue,RF,wCV_SCS_K24,0.875,0.33856889609226426,0.4335241019208687
18,blue,RF,JAW_FCS_KLOO_rep_K24,0.89,0.4367340816472043,0.4335241019208687
18,blue,RF,JAW_SCS_KLOO_rep_K24,0.9,0.43958060828998957,0.4335241019208687
18,blue,RF,JAW_FCS_KLOO_det_K24,0.96,0.7585003935787243,0.4335241019208687
18,blue,RF,JAW_SCS_KLOO_det_K24,0.96,0.7585003935787243,0.4335241019208687
18,blue,RF,CV+_K32,0.875,0.3683302443572637,0.4335241019208687
18,blue,RF,wCV_FCS_K32,0.88,0.3734385779764986,0.4335241019208687
18,blue,RF,wCV_SCS_K32,0.88,0.3734385779764986,0.4335241019208687
18,blue,RF,JAW_FCS_KLOO_rep_K32,0.89,0.39933810128281916,0.4335241019208687
18,blue,RF,JAW_SCS_KLOO_rep_K32,0.875,0.41912603425662764,0.4335241019208687
18,blue,RF,JAW_FCS_KLOO_det_K32,0.935,0.450055656795054,0.4335241019208687
18,blue,RF,JAW_SCS_KLOO_det_K32,0.935,0.450055656795054,0.4335241019208687
18,blue,RF,CV+_K48,0.88,0.37029423058296085,0.4335241019208687
18,blue,RF,wCV_FCS_K48,0.89,0.37819674458346786,0.4335241019208687
18,blue,RF,wCV_SCS_K48,0.89,0.37819674458346786,0.4335241019208687
18,blue,RF,JAW_FCS_KLOO_rep_K48,0.89,0.40569268835057004,0.4335241019208687
18,blue,RF,JAW_SCS_KLOO_rep_K48,0.895,0.4092794686992024,0.4335241019208687
18,blue,RF,JAW_FCS_KLOO_det_K48,0.91,0.4089944539269855,0.4335241019208687
18,blue,RF,JAW_SCS_KLOO_det_K48,0.91,0.4089944539269855,0.4335241019208687
18,blue,RF,CV+_K96,0.88,0.37069203267505146,0.4335241019208687
18,blue,RF,wCV_FCS_K96,0.88,0.37695578863633566,0.4335241019208687
18,blue,RF,wCV_SCS_K96,0.88,0.37695578863633566,0.4335241019208687
18,blue,RF,JAW_FCS_KLOO_rep_K96,0.885,0.4023642361019548,0.4335241019208687
18,blue,RF,JAW_SCS_KLOO_rep_K96,0.91,0.4061915684158628,0.4335241019208687
18,blue,RF,JAW_FCS_KLOO_det_K96,0.875,0.3267560576403161,0.4335241019208687
18,blue,RF,JAW_SCS_KLOO_det_K96,0.875,0.3267560576403161,0.4335241019208687
18,blue,RF,CV+_K192,0.895,0.36824928841310706,0.4335241019208687
18,blue,RF,wCV_FCS_K192,0.895,0.37879796600500854,0.4335241019208687
18,blue,RF,wCV_SCS_K192,0.895,0.37879796600500854,0.4335241019208687
18,blue,RF,JAW_FCS_KLOO_rep_K192,0.88,0.39257220832150597,0.4335241019208687
18,blue,RF,JAW_SCS_KLOO_rep_K192,0.89,0.39453924165984994,0.4335241019208687
18,blue,RF,JAW_FCS_KLOO_det_K192,0.885,0.39143053866875344,0.4335241019208687
18,blue,RF,JAW_SCS_KLOO_det_K192,0.885,0.39143053866875344,0.4335241019208687
19,blue,RF,split,0.935,0.41840677174386887,0.43713070942000715
19,blue,RF,weighted_split,0.935,0.41840677174386887,0.43713070942000715
19,blue,RF,JAW-FCS,0.94,0.40016541073472967,0.43713070942000715
19,blue,RF,JAW-SCS,0.94,0.40016541073472967,0.43713070942000715
19,blue,RF,jackknife+,0.94,0.40016541073472967,0.43713070942000715
19,blue,RF,CV+_K8,0.935,0.3503074803834962,0.43713070942000715
19,blue,RF,wCV_FCS_K8,0.935,0.3562232898472658,0.43713070942000715
19,blue,RF,wCV_SCS_K8,0.935,0.3562232898472658,0.43713070942000715
19,blue,RF,JAW_FCS_KLOO_rep_K8,0.935,0.43080537387107626,0.43713070942000715
19,blue,RF,JAW_SCS_KLOO_rep_K8,0.91,0.43461243297832053,0.43713070942000715
19,blue,RF,JAW_FCS_KLOO_det_K8,1.0,inf,0.43713070942000715
19,blue,RF,JAW_SCS_KLOO_det_K8,1.0,inf,0.43713070942000715
19,blue,RF,CV+_K12,0.945,0.37735695970259764,0.43713070942000715
19,blue,RF,wCV_FCS_K12,0.945,0.3836482908121919,0.43713070942000715
19,blue,RF,wCV_SCS_K12,0.945,0.3836482908121919,0.43713070942000715
19,blue,RF,JAW_FCS_KLOO_rep_K12,0.895,0.4289009049910821,0.43713070942000715
19,blue,RF,JAW_SCS_KLOO_rep_K12,0.915,0.43201885255703426,0.43713070942000715
19,blue,RF,JAW_FCS_KLOO_det_K12,0.985,inf,0.43713070942000715
19,blue,RF,JAW_SCS_KLOO_det_K12,0.985,inf,0.43713070942000715
19,blue,RF,CV+_K16,0.95,0.36435870433007633,0.43713070942000715
19,blue,RF,wCV_FCS_K16,0.95,0.37226933002223617,0.43713070942000715
19,blue,RF,wCV_SCS_K16,0.95,0.37226933002223617,0.43713070942000715
19,blue,RF,JAW_FCS_KLOO_rep_K16,0.925,0.5557908301559186,0.43713070942000715
19,blue,RF,JAW_SCS_KLOO_rep_K16,0.935,0.5457234198340328,0.43713070942000715
19,blue,RF,JAW_FCS_KLOO_det_K16,0.985,inf,0.43713070942000715
19,blue,RF,JAW_SCS_KLOO_det_K16,0.985,inf,0.43713070942000715
19,blue,RF,CV+_K24,0.94,0.3464006308949292,0.43713070942000715
19,blue,RF,wCV_FCS_K24,0.94,0.3512414086961346,0.43713070942000715
19,blue,RF,wCV_SCS_K24,0.94,0.3512414086961346,0.43713070942000715
19,blue,RF,JAW_FCS_KLOO_rep_K24,0.93,0.4377881540918266,0.43713070942000715
19,blue,RF,JAW_SCS_KLOO_rep_K24,0.925,0.4178779183092838,0.43713070942000715
19,blue,RF,JAW_FCS_KLOO_det_K24,0.985,0.8475754206234266,0.43713070942000715
19,blue,RF,JAW_SCS_KLOO_det_K24,0.985,0.8475754206234266,0.43713070942000715
19,blue,RF,CV+_K32,0.945,0.36130272750013004,0.43713070942000715
19,blue,RF,wCV_FCS_K32,0.945,0.3657265449388526,0.43713070942000715
19,blue,RF,wCV_SCS_K32,0.945,0.3657265449388526,0.43713070942000715
19,blue,RF,JAW_FCS_KLOO_rep_K32,0.95,0.4136639463929923,0.43713070942000715
19,blue,RF,JAW_SCS_KLOO_rep_K32,0.935,0.4265169272086223,0.43713070942000715
19,blue,RF,JAW_FCS_KLOO_det_K32,0.98,0.7113900804115056,0.43713070942000715
19,blue,RF,JAW_SCS_KLOO_det_K32,0.98,0.7113900804115056,0.43713070942000715
19,blue,RF,CV+_K48,0.955,0.38874214717978994,0.43713070942000715
19,blue,RF,wCV_FCS_K48,0.955,0.40532588604384373,0.43713070942000715
19,blue,RF,wCV_SCS_K48,0.955,0.40532588604384373,0.43713070942000715
19,blue,RF,JAW_FCS_KLOO_rep_K48,0.92,0.4098232979747041,0.43713070942000715
19,blue,RF,JAW_SCS_KLOO_rep_K48,0.93,0.397644290199218,0.43713070942000715
19,blue,RF,JAW_FCS_KLOO_det_K48,0.98,0.712320358273336,0.43713070942000715
19,blue,RF,JAW_SCS_KLOO_det_K48,0.98,0.712320358273336,0.43713070942000715
19,blue,RF,CV+_K96,0.95,0.3640990238916693,0.43713070942000715
19,blue,RF,wCV_FCS_K96,0.95,0.36830186736799125,0.43713070942000715
19,blue,RF,wCV_SCS_K96,0.95,0.36830186736799125,0.43713070942000715
19,blue,RF,JAW_FCS_KLOO_rep_K96,0.94,0.41282460220297734,0.43713070942000715
19,blue,RF,JAW_SCS_KLOO_rep_K96,0.935,0.41160414094879494,0.43713070942000715
19,blue,RF,JAW_FCS_KLOO_det_K96,0.95,0.43135810002567454,0.43713070942000715
19,blue,RF,JAW_SCS_KLOO_det_K96,0.95,0.43135810002567454,0.43713070942000715
19,blue,RF,CV+_K192,0.95,0.3594241544809921,0.43713070942000715
19,blue,RF,wCV_FCS_K192,0.95,0.37284471700774346,0.43713070942000715
19,blue,RF,wCV_SCS_K192,0.95,0.37284471700774346,0.43713070942000715
19,blue,RF,JAW_FCS_KLOO_rep_K192,0.94,0.40429503662842897,0.43713070942000715
19,blue,RF,JAW_SCS_KLOO_rep_K192,0.94,0.40517092638778096,0.43713070942000715
19,blue,RF,JAW_FCS_KLOO_det_K192,0.94,0.40016541073472967,0.43713070942000715
19,blue,RF,JAW_SCS_KLOO_det_K192,0.94,0.40016541073472967,0.43713070942000715
