itrial,dataset,muh_fun,method,coverage,width
0,wine,neural_net,naive,0.7453505007153076,1.914939019517604
0,wine,neural_net,jackknife,0.7896995708154506,2.130184403349066
0,wine,neural_net,jackknife+,0.7968526466380543,2.176817576761797
0,wine,neural_net,jackknife-mm,0.9241773962804005,2.9631310514872755
0,wine,neural_net,split,0.8254649499284692,2.767469919944274
0,wine,neural_net,weighted_split_oracle,0.8969957081545065,2.6757842365306086
0,wine,neural_net,weighted_split_lr,0.9070100143061517,2.6757842365306086
0,wine,neural_net,weighted_split_rf,0.9084406294706724,2.6757842365306086
0,wine,neural_net,JAW_oracle,0.8984263233190272,2.775222816343441
0,wine,neural_net,JAW_lr,0.8626609442060086,2.404829735687083
0,wine,neural_net,JAW_rf,0.8597997138769671,2.3040089800407317
0,wine,neural_net,JAWmm_oracle,0.9484978540772532,3.2194828292272613
0,wine,neural_net,JAWmm_lr,0.9313304721030042,3.1218337133507186
0,wine,neural_net,JAWmm_rf,0.9241773962804005,2.9631310514872755
0,wine,neural_net,CV+_K5,0.8311874105865522,2.4641488923392743
0,wine,neural_net,wCV_oracle_K5,0.8454935622317596,2.4871356198749153
0,wine,neural_net,wCV_lr_K5,0.8183118741058655,2.446270253595163
0,wine,neural_net,wCV_rf_K5,0.8597997138769671,2.500093899918042
0,wine,neural_net,JAW_KLOO_oracle_K5,0.9899856938483548,4.895041819955468
0,wine,neural_net,JAW_KLOO_lr_K5,0.6294706723891274,1.3063115248112966
0,wine,neural_net,JAW_KLOO_rf_K5,0.9198855507868383,3.1895257942231945
0,wine,neural_net,JAW_KLOO_oracle_det_K5,0.9814020028612304,3.4832342939969436
0,wine,neural_net,JAW_KLOO_lr_det_K5,0.9814020028612304,3.4832342939969436
0,wine,neural_net,JAW_KLOO_rf_det_K5,0.9298998569384835,2.420819358998946
0,wine,neural_net,CV+_K10,0.8311874105865522,2.3531427213940184
0,wine,neural_net,wCV_oracle_K10,0.9227467811158798,2.8745853325219732
0,wine,neural_net,wCV_lr_K10,0.894134477825465,2.4479477900431466
0,wine,neural_net,wCV_rf_K10,0.8798283261802575,2.4079206143789103
0,wine,neural_net,JAW_KLOO_oracle_K10,0.9899856938483548,4.895041819955468
0,wine,neural_net,JAW_KLOO_lr_K10,0.7181688125894135,1.7323684292511103
0,wine,neural_net,JAW_KLOO_rf_K10,0.8569384835479256,2.974224913694358
0,wine,neural_net,JAW_KLOO_oracle_det_K10,0.9756795422031473,3.4832342939969436
0,wine,neural_net,JAW_KLOO_lr_det_K10,0.9814020028612304,3.4832342939969436
0,wine,neural_net,JAW_KLOO_rf_det_K10,0.9585121602288984,3.0288828178849165
0,wine,neural_net,CV+_K20,0.8068669527896996,2.2956780743488396
0,wine,neural_net,wCV_oracle_K20,0.9170243204577968,2.966100832083824
0,wine,neural_net,wCV_lr_K20,0.8683834048640916,2.50665314738868
0,wine,neural_net,wCV_rf_K20,0.8569384835479256,2.3994436514141864
0,wine,neural_net,JAW_KLOO_oracle_K20,0.9227467811158798,3.4832342939969436
0,wine,neural_net,JAW_KLOO_lr_K20,0.721030042918455,1.8009639467781424
0,wine,neural_net,JAW_KLOO_rf_K20,0.8240343347639485,2.5126602484688068
0,wine,neural_net,JAW_KLOO_oracle_det_K20,0.9656652360515021,3.534020758598743
0,wine,neural_net,JAW_KLOO_lr_det_K20,0.949928469241774,3.040888643290156
0,wine,neural_net,JAW_KLOO_rf_det_K20,0.9470672389127325,2.9996377573314197
0,wine,neural_net,CV+_K25,0.804005722460658,2.2412761764245914
0,wine,neural_net,wCV_oracle_K25,0.8783977110157367,2.5376648549226104
0,wine,neural_net,wCV_lr_K25,0.8412017167381974,2.3665851082095823
0,wine,neural_net,wCV_rf_K25,0.8597997138769671,2.3310232233300363
0,wine,neural_net,JAW_KLOO_oracle_K25,0.9713876967095851,4.35081012631573
0,wine,neural_net,JAW_KLOO_lr_K25,0.8068669527896996,2.323785662829967
0,wine,neural_net,JAW_KLOO_rf_K25,0.748211731044349,1.8564252954669813
0,wine,neural_net,JAW_KLOO_oracle_det_K25,0.9756795422031473,3.8128463758837006
0,wine,neural_net,JAW_KLOO_lr_det_K25,0.944206008583691,3.056038239475571
0,wine,neural_net,JAW_KLOO_rf_det_K25,0.949928469241774,3.0394174337514004
0,wine,neural_net,CV+_K50,0.8111587982832618,2.2793556172211895
0,wine,neural_net,wCV_oracle_K50,0.899856938483548,2.836457381270603
0,wine,neural_net,wCV_lr_K50,0.8783977110157367,2.447972576138807
0,wine,neural_net,wCV_rf_K50,0.8655221745350501,2.3353640507191518
0,wine,neural_net,JAW_KLOO_oracle_K50,0.8397711015736766,2.5833804409074492
0,wine,neural_net,JAW_KLOO_lr_K50,0.7825464949928469,2.068884698942674
0,wine,neural_net,JAW_KLOO_rf_K50,0.8154506437768241,2.288887065212508
0,wine,neural_net,JAW_KLOO_oracle_det_K50,0.9513590844062947,3.534020758598743
0,wine,neural_net,JAW_KLOO_lr_det_K50,0.9413447782546495,3.0104111037154153
0,wine,neural_net,JAW_KLOO_rf_det_K50,0.9184549356223176,2.809986209768148
1,wine,neural_net,naive,0.7782546494992847,1.8755511458327643
1,wine,neural_net,jackknife,0.8397711015736766,2.0623212762963057
1,wine,neural_net,jackknife+,0.8698140200286123,2.1765440233288658
1,wine,neural_net,jackknife-mm,0.9456366237482118,2.782780005486865
1,wine,neural_net,split,0.8283261802575107,2.3269075804187835
1,wine,neural_net,weighted_split_oracle,0.9399141630901288,2.361523291055059
1,wine,neural_net,weighted_split_lr,0.9370529327610873,2.295413130169564
1,wine,neural_net,weighted_split_rf,0.9341917024320457,2.361523291055059
1,wine,neural_net,JAW_oracle,0.9399141630901288,2.456988013120026
1,wine,neural_net,JAW_lr,0.9542203147353362,2.4121611576988773
1,wine,neural_net,JAW_rf,0.9527896995708155,2.475425034349593
1,wine,neural_net,JAWmm_oracle,0.9585121602288984,2.852103070533392
1,wine,neural_net,JAWmm_lr,0.9456366237482118,2.782780005486865
1,wine,neural_net,JAWmm_rf,0.9585121602288984,2.852103070533392
1,wine,neural_net,CV+_K5,0.9012875536480687,2.2824171347788385
1,wine,neural_net,wCV_oracle_K5,0.9241773962804005,2.3138756868376618
1,wine,neural_net,wCV_lr_K5,0.9241773962804005,2.2794717811140055
1,wine,neural_net,wCV_rf_K5,0.9413447782546495,2.3644973639806857
1,wine,neural_net,JAW_KLOO_oracle_K5,0.8555078683834049,2.0623212762963057
1,wine,neural_net,JAW_KLOO_lr_K5,0.927038626609442,2.661651173448469
1,wine,neural_net,JAW_KLOO_rf_K5,0.9585121602288984,3.2042273631590934
1,wine,neural_net,JAW_KLOO_oracle_det_K5,0.9027181688125894,1.8784691147439379
1,wine,neural_net,JAW_KLOO_lr_det_K5,0.8898426323319027,1.8784691147439379
1,wine,neural_net,JAW_KLOO_rf_det_K5,0.9871244635193133,3.2042273631590943
1,wine,neural_net,CV+_K10,0.9012875536480687,2.210208000143396
1,wine,neural_net,wCV_oracle_K10,0.9370529327610873,2.3005499854773275
1,wine,neural_net,wCV_lr_K10,0.9456366237482118,2.280281729416025
1,wine,neural_net,wCV_rf_K10,0.9484978540772532,2.3338094970761576
1,wine,neural_net,JAW_KLOO_oracle_K10,0.949928469241774,3.1583634851906757
1,wine,neural_net,JAW_KLOO_lr_K10,0.927038626609442,3.249037496734946
1,wine,neural_net,JAW_KLOO_rf_K10,0.9585121602288984,3.2042273631590934
1,wine,neural_net,JAW_KLOO_oracle_det_K10,0.9871244635193133,3.230281796280141
1,wine,neural_net,JAW_KLOO_lr_det_K10,0.9871244635193133,inf
1,wine,neural_net,JAW_KLOO_rf_det_K10,0.9384835479256081,inf
1,wine,neural_net,CV+_K20,0.8841201716738197,2.2154592476345787
1,wine,neural_net,wCV_oracle_K20,0.927038626609442,2.245767950270346
1,wine,neural_net,wCV_lr_K20,0.9413447782546495,2.1945175174913896
1,wine,neural_net,wCV_rf_K20,0.9456366237482118,2.294302535045458
1,wine,neural_net,JAW_KLOO_oracle_K20,0.8869814020028612,2.356232933617627
1,wine,neural_net,JAW_KLOO_lr_K20,0.8783977110157367,2.207846950572317
1,wine,neural_net,JAW_KLOO_rf_K20,0.9742489270386266,3.6718545890773733
1,wine,neural_net,JAW_KLOO_oracle_det_K20,0.9899856938483548,3.7859839427145987
1,wine,neural_net,JAW_KLOO_lr_det_K20,0.9527896995708155,inf
1,wine,neural_net,JAW_KLOO_rf_det_K20,0.9656652360515021,3.1754854706119753
1,wine,neural_net,CV+_K25,0.8841201716738197,2.2463146281769255
1,wine,neural_net,wCV_oracle_K25,0.927038626609442,2.3318006839160432
1,wine,neural_net,wCV_lr_K25,0.9427753934191703,2.3190504126893154
1,wine,neural_net,wCV_rf_K25,0.9470672389127325,2.340868464034993
1,wine,neural_net,JAW_KLOO_oracle_K25,0.9399141630901288,2.9131704763232733
1,wine,neural_net,JAW_KLOO_lr_K25,0.9341917024320457,2.8297999562866023
1,wine,neural_net,JAW_KLOO_rf_K25,0.9184549356223176,2.6597868366172435
1,wine,neural_net,JAW_KLOO_oracle_det_K25,0.977110157367668,3.5518110522702786
1,wine,neural_net,JAW_KLOO_lr_det_K25,0.9756795422031473,3.2042273631590934
1,wine,neural_net,JAW_KLOO_rf_det_K25,0.9685264663805436,3.076954595917586
1,wine,neural_net,CV+_K50,0.876967095851216,2.2038441829686475
1,wine,neural_net,wCV_oracle_K50,0.9370529327610873,2.457144718772179
1,wine,neural_net,wCV_lr_K50,0.9413447782546495,2.4061029217720584
1,wine,neural_net,wCV_rf_K50,0.9542203147353362,2.4734858595488163
1,wine,neural_net,JAW_KLOO_oracle_K50,0.9585121602288984,3.41997290908005
1,wine,neural_net,JAW_KLOO_lr_K50,0.8726752503576538,2.2451051187046414
1,wine,neural_net,JAW_KLOO_rf_K50,0.7868383404864091,1.7124999072518632
1,wine,neural_net,JAW_KLOO_oracle_det_K50,0.9756795422031473,3.2042273631590934
1,wine,neural_net,JAW_KLOO_lr_det_K50,0.9513590844062947,2.6287336011043294
1,wine,neural_net,JAW_KLOO_rf_det_K50,0.9642346208869814,2.9496754056398276
2,wine,neural_net,naive,0.6280400572246065,1.5112785184957982
2,wine,neural_net,jackknife,0.7525035765379113,2.0985695654035776
2,wine,neural_net,jackknife+,0.7725321888412017,2.110314982089643
2,wine,neural_net,jackknife-mm,0.9113018597997139,2.8935645097982094
2,wine,neural_net,split,0.8698140200286123,2.6333233319512885
2,wine,neural_net,weighted_split_oracle,0.994277539341917,5.871912104961211
2,wine,neural_net,weighted_split_lr,0.9814020028612304,4.1381347568966795
2,wine,neural_net,weighted_split_rf,0.9699570815450643,4.0978663340859605
2,wine,neural_net,JAW_oracle,0.804005722460658,2.486095251071508
2,wine,neural_net,JAW_lr,0.8054363376251789,2.480464663124641
2,wine,neural_net,JAW_rf,0.7882689556509299,2.3032011165611648
2,wine,neural_net,JAWmm_oracle,0.9456366237482118,3.132833668603385
2,wine,neural_net,JAWmm_lr,0.9456366237482118,3.132833668603385
2,wine,neural_net,JAWmm_rf,0.9184549356223176,2.962743333277202
2,wine,neural_net,CV+_K5,0.776824034334764,2.123524926436418
2,wine,neural_net,wCV_oracle_K5,0.8111587982832618,2.2292685262728265
2,wine,neural_net,wCV_lr_K5,0.804005722460658,2.245080808248667
2,wine,neural_net,wCV_rf_K5,0.7911301859799714,2.200909956482139
2,wine,neural_net,JAW_KLOO_oracle_K5,0.8068669527896996,2.485412192573648
2,wine,neural_net,JAW_KLOO_lr_K5,0.7124463519313304,1.6788403681832031
2,wine,neural_net,JAW_KLOO_rf_K5,0.9585121602288984,3.7461328404041065
2,wine,neural_net,JAW_KLOO_oracle_det_K5,0.8726752503576538,2.485412192573648
2,wine,neural_net,JAW_KLOO_lr_det_K5,0.8798283261802575,2.485412192573648
2,wine,neural_net,JAW_KLOO_rf_det_K5,0.9041487839771102,2.485412192573648
2,wine,neural_net,CV+_K10,0.7610872675250357,2.0922360834042264
2,wine,neural_net,wCV_oracle_K10,0.899856938483548,2.7272602086182127
2,wine,neural_net,wCV_lr_K10,0.8626609442060086,2.6399075485796404
2,wine,neural_net,wCV_rf_K10,0.7997138769670958,2.3555962004334567
2,wine,neural_net,JAW_KLOO_oracle_K10,0.6967095851216023,1.7511645009129841
2,wine,neural_net,JAW_KLOO_lr_K10,0.9456366237482118,3.372933886265402
2,wine,neural_net,JAW_KLOO_rf_K10,0.9585121602288984,3.7461328404041065
2,wine,neural_net,JAW_KLOO_oracle_det_K10,0.8655221745350501,2.485412192573648
2,wine,neural_net,JAW_KLOO_lr_det_K10,0.8855507868383404,2.485412192573648
2,wine,neural_net,JAW_KLOO_rf_det_K10,0.9113018597997139,2.485412192573648
2,wine,neural_net,CV+_K20,0.7582260371959942,2.0324837005766634
2,wine,neural_net,wCV_oracle_K20,0.7253218884120172,1.8622540038183093
2,wine,neural_net,wCV_lr_K20,0.7467811158798283,1.982482919992127
2,wine,neural_net,wCV_rf_K20,0.7567954220314735,2.034819443025138
2,wine,neural_net,JAW_KLOO_oracle_K20,0.8197424892703863,2.588387720199572
2,wine,neural_net,JAW_KLOO_lr_K20,0.7896995708154506,2.430683758160546
2,wine,neural_net,JAW_KLOO_rf_K20,0.759656652360515,2.017850807802369
2,wine,neural_net,JAW_KLOO_oracle_det_K20,0.876967095851216,2.580361840876055
2,wine,neural_net,JAW_KLOO_lr_det_K20,0.8912732474964234,2.866326318305095
2,wine,neural_net,JAW_KLOO_rf_det_K20,0.8812589413447782,2.485412192573648
2,wine,neural_net,CV+_K25,0.7453505007153076,1.971530186752866
2,wine,neural_net,wCV_oracle_K25,0.8340486409155937,2.3209996254174037
2,wine,neural_net,wCV_lr_K25,0.82689556509299,2.2758123101714967
2,wine,neural_net,wCV_rf_K25,0.771101573676681,2.1076142013522468
2,wine,neural_net,JAW_KLOO_oracle_K25,0.8397711015736766,3.6575757551610817
2,wine,neural_net,JAW_KLOO_lr_K25,0.7868383404864091,2.246066062705392
2,wine,neural_net,JAW_KLOO_rf_K25,0.8254649499284692,2.896887849418727
2,wine,neural_net,JAW_KLOO_oracle_det_K25,0.8669527896995708,2.618102575061198
2,wine,neural_net,JAW_KLOO_lr_det_K25,0.9027181688125894,2.8744609641131245
2,wine,neural_net,JAW_KLOO_rf_det_K25,0.9070100143061517,3.0909842728620633
2,wine,neural_net,CV+_K50,0.7453505007153076,1.9757750122391302
2,wine,neural_net,wCV_oracle_K50,0.765379113018598,2.0435816159279607
2,wine,neural_net,wCV_lr_K50,0.7696709585121603,2.0521709186275308
2,wine,neural_net,wCV_rf_K50,0.7567954220314735,2.0279395710561348
2,wine,neural_net,JAW_KLOO_oracle_K50,0.8082975679542204,2.485412192573648
2,wine,neural_net,JAW_KLOO_lr_K50,0.8125894134477826,2.5217088304128588
2,wine,neural_net,JAW_KLOO_rf_K50,0.7682403433476395,2.2030429468264385
2,wine,neural_net,JAW_KLOO_oracle_det_K50,0.8540772532188842,2.5960399924942754
2,wine,neural_net,JAW_KLOO_lr_det_K50,0.8698140200286123,2.6241769045883467
2,wine,neural_net,JAW_KLOO_rf_det_K50,0.8698140200286123,2.6065272364293612
3,wine,neural_net,naive,0.7510729613733905,1.765366099213292
3,wine,neural_net,jackknife,0.8454935622317596,2.1692826908374254
3,wine,neural_net,jackknife+,0.8698140200286123,2.2884683730856192
3,wine,neural_net,jackknife-mm,0.9756795422031473,3.3812754642459124
3,wine,neural_net,split,0.8855507868383404,2.65279505596925
3,wine,neural_net,weighted_split_oracle,0.9341917024320457,2.67701003630604
3,wine,neural_net,weighted_split_lr,0.9341917024320457,2.67701003630604
3,wine,neural_net,weighted_split_rf,0.9341917024320457,2.711853280437392
3,wine,neural_net,JAW_oracle,0.9098712446351931,2.4002399668191448
3,wine,neural_net,JAW_lr,0.8969957081545065,2.403701048387381
3,wine,neural_net,JAW_rf,0.8955650929899857,2.435894972267225
3,wine,neural_net,JAWmm_oracle,0.9756795422031473,3.443990941278492
3,wine,neural_net,JAWmm_lr,0.9756795422031473,3.443990941278492
3,wine,neural_net,JAWmm_rf,0.9756795422031473,3.443990941278492
3,wine,neural_net,CV+_K5,0.9213161659513591,2.5646105186679264
3,wine,neural_net,wCV_oracle_K5,0.9885550786838341,3.8530665056239783
3,wine,neural_net,wCV_lr_K5,0.9885550786838341,3.7979160470756623
3,wine,neural_net,wCV_rf_K5,0.9828326180257511,3.3379095290924443
3,wine,neural_net,JAW_KLOO_oracle_K5,0.7525035765379113,1.6941588171223234
3,wine,neural_net,JAW_KLOO_lr_K5,0.525035765379113,1.0514527731429135
3,wine,neural_net,JAW_KLOO_rf_K5,0.6065808297567954,1.406120386489187
3,wine,neural_net,JAW_KLOO_oracle_det_K5,0.9241773962804005,2.4232675395228824
3,wine,neural_net,JAW_KLOO_lr_det_K5,0.9241773962804005,2.4235352265611905
3,wine,neural_net,JAW_KLOO_rf_det_K5,0.9484978540772532,2.522890604441767
3,wine,neural_net,CV+_K10,0.894134477825465,2.4028774714785106
3,wine,neural_net,wCV_oracle_K10,0.9513590844062947,3.0536899009254617
3,wine,neural_net,wCV_lr_K10,0.9513590844062947,3.0465838479900125
3,wine,neural_net,wCV_rf_K10,0.9456366237482118,2.9535628211281493
3,wine,neural_net,JAW_KLOO_oracle_K10,0.8626609442060086,2.248829863678848
3,wine,neural_net,JAW_KLOO_lr_K10,0.994277539341917,4.254439781878114
3,wine,neural_net,JAW_KLOO_rf_K10,0.9456366237482118,3.5054127602525247
3,wine,neural_net,JAW_KLOO_oracle_det_K10,0.9384835479256081,2.4822291620239607
3,wine,neural_net,JAW_KLOO_lr_det_K10,0.9384835479256081,2.4822291620239607
3,wine,neural_net,JAW_KLOO_rf_det_K10,0.9470672389127325,2.6032596405092763
3,wine,neural_net,CV+_K20,0.9070100143061517,2.511031449397021
3,wine,neural_net,wCV_oracle_K20,0.9298998569384835,2.668037288163024
3,wine,neural_net,wCV_lr_K20,0.9298998569384835,2.668037288163024
3,wine,neural_net,wCV_rf_K20,0.9370529327610873,2.6984926425893763
3,wine,neural_net,JAW_KLOO_oracle_K20,0.8812589413447782,2.492843952233783
3,wine,neural_net,JAW_KLOO_lr_K20,0.8597997138769671,2.269001576740413
3,wine,neural_net,JAW_KLOO_rf_K20,0.8912732474964234,2.4199980922978384
3,wine,neural_net,JAW_KLOO_oracle_det_K20,0.9256080114449213,2.486804087197183
3,wine,neural_net,JAW_KLOO_lr_det_K20,0.9170243204577968,2.5134407150136253
3,wine,neural_net,JAW_KLOO_rf_det_K20,0.9470672389127325,2.87257105583575
3,wine,neural_net,CV+_K25,0.8898426323319027,2.3959426979309537
3,wine,neural_net,wCV_oracle_K25,0.9027181688125894,2.2923493106378574
3,wine,neural_net,wCV_lr_K25,0.9055793991416309,2.3078865223509144
3,wine,neural_net,wCV_rf_K25,0.9084406294706724,2.371721231589947
3,wine,neural_net,JAW_KLOO_oracle_K25,0.8569384835479256,2.3361072498432334
3,wine,neural_net,JAW_KLOO_lr_K25,0.8741058655221745,2.256661592255414
3,wine,neural_net,JAW_KLOO_rf_K25,0.8898426323319027,2.6865125969978703
3,wine,neural_net,JAW_KLOO_oracle_det_K25,0.9170243204577968,2.4729877917839804
3,wine,neural_net,JAW_KLOO_lr_det_K25,0.9241773962804005,2.5162144647181135
3,wine,neural_net,JAW_KLOO_rf_det_K25,0.9427753934191703,2.863055073839144
3,wine,neural_net,CV+_K50,0.9027181688125894,2.504989550041574
3,wine,neural_net,wCV_oracle_K50,0.9484978540772532,2.961360048288971
3,wine,neural_net,wCV_lr_K50,0.9484978540772532,2.9585286402457553
3,wine,neural_net,wCV_rf_K50,0.9484978540772532,2.968636383844485
3,wine,neural_net,JAW_KLOO_oracle_K50,0.882689556509299,2.383661253383009
3,wine,neural_net,JAW_KLOO_lr_K50,0.8855507868383404,2.425268969981386
3,wine,neural_net,JAW_KLOO_rf_K50,0.8369098712446352,2.255041489244414
3,wine,neural_net,JAW_KLOO_oracle_det_K50,0.9241773962804005,2.516196141986785
3,wine,neural_net,JAW_KLOO_lr_det_K50,0.9241773962804005,2.5246135280575315
3,wine,neural_net,JAW_KLOO_rf_det_K50,0.9399141630901288,2.631102003537059
4,wine,neural_net,naive,0.7625178826895566,1.913578380615549
4,wine,neural_net,jackknife,0.8898426323319027,2.429358283996896
4,wine,neural_net,jackknife+,0.9127324749642346,2.448209458691423
4,wine,neural_net,jackknife-mm,0.9799713876967096,3.3481903439858565
4,wine,neural_net,split,0.899856938483548,3.4415982601606814
4,wine,neural_net,weighted_split_oracle,0.9456366237482118,3.6896952386588495
4,wine,neural_net,weighted_split_lr,0.9155937052932761,3.6896952386588495
4,wine,neural_net,weighted_split_rf,0.9628040057224606,3.6896952386588495
4,wine,neural_net,JAW_oracle,0.9685264663805436,3.0274971148707497
4,wine,neural_net,JAW_lr,0.9513590844062947,2.945535573743655
4,wine,neural_net,JAW_rf,0.9484978540772532,2.8794125395597705
4,wine,neural_net,JAWmm_oracle,0.9842632331902719,3.758360513547503
4,wine,neural_net,JAWmm_lr,0.9842632331902719,3.758360513547503
4,wine,neural_net,JAWmm_rf,0.9828326180257511,3.631450509630776
4,wine,neural_net,CV+_K5,0.8984263233190272,2.4802268557210585
4,wine,neural_net,wCV_oracle_K5,0.9542203147353362,3.095627071419816
4,wine,neural_net,wCV_lr_K5,0.9470672389127325,2.954649982309877
4,wine,neural_net,wCV_rf_K5,0.9470672389127325,2.864629234516242
4,wine,neural_net,JAW_KLOO_oracle_K5,0.9542203147353362,2.839528453558543
4,wine,neural_net,JAW_KLOO_lr_K5,0.6151645207439199,1.3555495717676678
4,wine,neural_net,JAW_KLOO_rf_K5,0.8011444921316166,1.8464101000655697
4,wine,neural_net,JAW_KLOO_oracle_det_K5,0.9885550786838341,3.7395815157829215
4,wine,neural_net,JAW_KLOO_lr_det_K5,0.9914163090128756,3.7395815157829215
4,wine,neural_net,JAW_KLOO_rf_det_K5,0.9885550786838341,3.7395815157829215
4,wine,neural_net,CV+_K10,0.9198855507868383,2.477648026842248
4,wine,neural_net,wCV_oracle_K10,0.9656652360515021,3.368640150377191
4,wine,neural_net,wCV_lr_K10,0.932761087267525,2.9430945241140414
4,wine,neural_net,wCV_rf_K10,0.932761087267525,2.8021242912346658
4,wine,neural_net,JAW_KLOO_oracle_K10,0.9728183118741058,3.403653354697707
4,wine,neural_net,JAW_KLOO_lr_K10,0.949928469241774,2.839528453558543
4,wine,neural_net,JAW_KLOO_rf_K10,0.9685264663805436,3.7395815157829215
4,wine,neural_net,JAW_KLOO_oracle_det_K10,0.9799713876967096,3.7395815157829215
4,wine,neural_net,JAW_KLOO_lr_det_K10,0.9885550786838341,3.7395815157829215
4,wine,neural_net,JAW_KLOO_rf_det_K10,0.9885550786838341,3.7395815157829215
4,wine,neural_net,CV+_K20,0.9027181688125894,2.4316679456845467
4,wine,neural_net,wCV_oracle_K20,0.9642346208869814,3.2906821301893485
4,wine,neural_net,wCV_lr_K20,0.9527896995708155,2.9798161068111932
4,wine,neural_net,wCV_rf_K20,0.9585121602288984,2.8950635840857935
4,wine,neural_net,JAW_KLOO_oracle_K20,0.9613733905579399,3.210133148577678
4,wine,neural_net,JAW_KLOO_lr_K20,0.9399141630901288,2.8455144340607035
4,wine,neural_net,JAW_KLOO_rf_K20,0.9256080114449213,2.7488706651453736
4,wine,neural_net,JAW_KLOO_oracle_det_K20,0.9728183118741058,3.5856593111485866
4,wine,neural_net,JAW_KLOO_lr_det_K20,0.9756795422031473,3.5383750464941377
4,wine,neural_net,JAW_KLOO_rf_det_K20,0.9885550786838341,3.789816126230143
4,wine,neural_net,CV+_K25,0.8984263233190272,2.3806879320657437
4,wine,neural_net,wCV_oracle_K25,0.9542203147353362,3.348172197961757
4,wine,neural_net,wCV_lr_K25,0.9427753934191703,2.9701072873385828
4,wine,neural_net,wCV_rf_K25,0.9384835479256081,2.7727549993765086
4,wine,neural_net,JAW_KLOO_oracle_K25,0.9785407725321889,3.5075080671984606
4,wine,neural_net,JAW_KLOO_lr_K25,0.9785407725321889,3.7286492688858637
4,wine,neural_net,JAW_KLOO_rf_K25,0.8884120171673819,2.3178312285999
4,wine,neural_net,JAW_KLOO_oracle_det_K25,0.9756795422031473,3.7395815157829215
4,wine,neural_net,JAW_KLOO_lr_det_K25,0.9728183118741058,3.394190637107445
4,wine,neural_net,JAW_KLOO_rf_det_K25,0.9842632331902719,4.089912954758533
4,wine,neural_net,CV+_K50,0.9012875536480687,2.4659992558705053
4,wine,neural_net,wCV_oracle_K50,0.9742489270386266,3.4390313602662195
4,wine,neural_net,wCV_lr_K50,0.9484978540772532,3.144356419573665
4,wine,neural_net,wCV_rf_K50,0.944206008583691,3.0890210849479516
4,wine,neural_net,JAW_KLOO_oracle_K50,0.9814020028612304,inf
4,wine,neural_net,JAW_KLOO_lr_K50,0.9513590844062947,2.9330078713497345
4,wine,neural_net,JAW_KLOO_rf_K50,0.9542203147353362,3.004867963907497
4,wine,neural_net,JAW_KLOO_oracle_det_K50,0.9728183118741058,3.3230529349188416
4,wine,neural_net,JAW_KLOO_lr_det_K50,0.9728183118741058,3.204591970184941
4,wine,neural_net,JAW_KLOO_rf_det_K50,0.9742489270386266,3.5070123100533355
5,wine,neural_net,naive,0.7639484978540773,1.7667946877893783
5,wine,neural_net,jackknife,0.8168812589413448,1.9849187503667558
5,wine,neural_net,jackknife+,0.8297567954220315,2.0437330804318625
5,wine,neural_net,jackknife-mm,0.9241773962804005,2.657136252178635
5,wine,neural_net,split,0.6995708154506438,1.7664230162256143
5,wine,neural_net,weighted_split_oracle,0.7925608011444921,1.754553995028127
5,wine,neural_net,weighted_split_lr,0.7911301859799714,1.7909016153536808
5,wine,neural_net,weighted_split_rf,0.8340486409155937,1.939074245309616
5,wine,neural_net,JAW_oracle,0.9012875536480687,2.308342674464578
5,wine,neural_net,JAW_lr,0.8812589413447782,2.2561799212857396
5,wine,neural_net,JAW_rf,0.8984263233190272,2.298483950757089
5,wine,neural_net,JAWmm_oracle,0.9527896995708155,2.8696941407220526
5,wine,neural_net,JAWmm_lr,0.9527896995708155,2.8696941407220526
5,wine,neural_net,JAWmm_rf,0.9527896995708155,2.8696941407220526
5,wine,neural_net,CV+_K5,0.8340486409155937,2.057873816146845
5,wine,neural_net,wCV_oracle_K5,0.9213161659513591,2.4243668237581
5,wine,neural_net,wCV_lr_K5,0.9113018597997139,2.3647848098641067
5,wine,neural_net,wCV_rf_K5,0.9141630901287554,2.3711827701659143
5,wine,neural_net,JAW_KLOO_oracle_K5,0.592274678111588,1.2427810316398666
5,wine,neural_net,JAW_KLOO_lr_K5,0.7439198855507868,1.7265530214141407
5,wine,neural_net,JAW_KLOO_rf_K5,0.821173104434907,2.1974766389101728
5,wine,neural_net,JAW_KLOO_oracle_det_K5,0.9427753934191703,2.7201781188379464
5,wine,neural_net,JAW_KLOO_lr_det_K5,0.9427753934191703,2.7201781188379464
5,wine,neural_net,JAW_KLOO_rf_det_K5,0.9513590844062947,2.7201781188379464
5,wine,neural_net,CV+_K10,0.8240343347639485,1.9937319415966606
5,wine,neural_net,wCV_oracle_K10,0.9012875536480687,2.301512909434714
5,wine,neural_net,wCV_lr_K10,0.8984263233190272,2.240024973910117
5,wine,neural_net,wCV_rf_K10,0.9070100143061517,2.3131490271078796
5,wine,neural_net,JAW_KLOO_oracle_K10,0.927038626609442,2.5736254646937287
5,wine,neural_net,JAW_KLOO_lr_K10,0.7825464949928469,1.9849187503667558
5,wine,neural_net,JAW_KLOO_rf_K10,0.9728183118741058,3.501500891982264
5,wine,neural_net,JAW_KLOO_oracle_det_K10,0.9456366237482118,2.7201781188379464
5,wine,neural_net,JAW_KLOO_lr_det_K10,0.9284692417739628,2.5411165376762836
5,wine,neural_net,JAW_KLOO_rf_det_K10,0.9542203147353362,2.7201781188379464
5,wine,neural_net,CV+_K20,0.8168812589413448,2.003279575154144
5,wine,neural_net,wCV_oracle_K20,0.8812589413447782,2.2183663552564115
5,wine,neural_net,wCV_lr_K20,0.8612303290414879,2.1600480711104915
5,wine,neural_net,wCV_rf_K20,0.8812589413447782,2.220140848110119
5,wine,neural_net,JAW_KLOO_oracle_K20,0.8540772532188842,2.1918317993112986
5,wine,neural_net,JAW_KLOO_lr_K20,0.8741058655221745,2.3964368103729186
5,wine,neural_net,JAW_KLOO_rf_K20,0.9470672389127325,2.971068050531005
5,wine,neural_net,JAW_KLOO_oracle_det_K20,0.9399141630901288,2.6445235740678017
5,wine,neural_net,JAW_KLOO_lr_det_K20,0.9313304721030042,2.5731614852179385
5,wine,neural_net,JAW_KLOO_rf_det_K20,0.9427753934191703,inf
5,wine,neural_net,CV+_K25,0.8340486409155937,2.0830102979463643
5,wine,neural_net,wCV_oracle_K25,0.9198855507868383,2.3819501081491925
5,wine,neural_net,wCV_lr_K25,0.9041487839771102,2.3599655383703384
5,wine,neural_net,wCV_rf_K25,0.9098712446351931,2.360377834352354
5,wine,neural_net,JAW_KLOO_oracle_K25,0.9241773962804005,2.8029563991218067
5,wine,neural_net,JAW_KLOO_lr_K25,0.949928469241774,2.9273047103938303
5,wine,neural_net,JAW_KLOO_rf_K25,0.8640915593705293,2.399493186313749
5,wine,neural_net,JAW_KLOO_oracle_det_K25,0.977110157367668,3.538547111802089
5,wine,neural_net,JAW_KLOO_lr_det_K25,0.9198855507868383,2.539438140835496
5,wine,neural_net,JAW_KLOO_rf_det_K25,0.9313304721030042,2.514184273231735
5,wine,neural_net,CV+_K50,0.8383404864091559,2.034250172911104
5,wine,neural_net,wCV_oracle_K50,0.8741058655221745,2.1702534045070934
5,wine,neural_net,wCV_lr_K50,0.8640915593705293,2.1154787779241344
5,wine,neural_net,wCV_rf_K50,0.8755364806866953,2.185211457525072
5,wine,neural_net,JAW_KLOO_oracle_K50,0.8612303290414879,2.336994028850248
5,wine,neural_net,JAW_KLOO_lr_K50,0.9055793991416309,2.6751789319140187
5,wine,neural_net,JAW_KLOO_rf_K50,0.882689556509299,2.5133133054433268
5,wine,neural_net,JAW_KLOO_oracle_det_K50,0.9256080114449213,2.531649578877854
5,wine,neural_net,JAW_KLOO_lr_det_K50,0.9141630901287554,2.3654633666333593
5,wine,neural_net,JAW_KLOO_rf_det_K50,0.9413447782546495,2.617221799224775
6,wine,neural_net,naive,0.7567954220314735,1.9100360126613563
6,wine,neural_net,jackknife,0.8483547925608012,2.332485595963213
6,wine,neural_net,jackknife+,0.8555078683834049,2.365862217168745
6,wine,neural_net,jackknife-mm,0.9413447782546495,3.023740351230492
6,wine,neural_net,split,0.8698140200286123,2.735839036780771
6,wine,neural_net,weighted_split_oracle,0.927038626609442,2.6281093451707953
6,wine,neural_net,weighted_split_lr,0.9213161659513591,2.6281093451707953
6,wine,neural_net,weighted_split_rf,0.9356223175965666,2.735839036780771
6,wine,neural_net,JAW_oracle,0.9814020028612304,inf
6,wine,neural_net,JAW_lr,0.9828326180257511,inf
6,wine,neural_net,JAW_rf,0.9370529327610873,2.887572465742263
6,wine,neural_net,JAWmm_oracle,0.9871244635193133,4.2924897089046
6,wine,neural_net,JAWmm_lr,0.9871244635193133,4.2924897089046
6,wine,neural_net,JAWmm_rf,0.9699570815450643,3.5395587937029642
6,wine,neural_net,CV+_K5,0.871244635193133,2.4377425497261775
6,wine,neural_net,wCV_oracle_K5,0.949928469241774,3.6949433936993286
6,wine,neural_net,wCV_lr_K5,0.949928469241774,3.689532088759467
6,wine,neural_net,wCV_rf_K5,0.9356223175965666,2.9385797616712974
6,wine,neural_net,JAW_KLOO_oracle_K5,0.8226037195994278,1.9859786062821456
6,wine,neural_net,JAW_KLOO_lr_K5,0.9012875536480687,2.9100186391391523
6,wine,neural_net,JAW_KLOO_rf_K5,0.9113018597997139,2.7499978720687643
6,wine,neural_net,JAW_KLOO_oracle_det_K5,0.9856938483547926,3.601234953637322
6,wine,neural_net,JAW_KLOO_lr_det_K5,0.9856938483547926,3.601234953637322
6,wine,neural_net,JAW_KLOO_rf_det_K5,0.9914163090128756,3.601234953637322
6,wine,neural_net,CV+_K10,0.8569384835479256,2.3445120827671806
6,wine,neural_net,wCV_oracle_K10,0.9670958512160229,3.5652316519629625
6,wine,neural_net,wCV_lr_K10,0.9670958512160229,3.5652316519629625
6,wine,neural_net,wCV_rf_K10,0.9370529327610873,2.936719292758065
6,wine,neural_net,JAW_KLOO_oracle_K10,0.9256080114449213,3.3923938027328555
6,wine,neural_net,JAW_KLOO_lr_K10,1.0,inf
6,wine,neural_net,JAW_KLOO_rf_K10,0.8798283261802575,2.6826594422184806
6,wine,neural_net,JAW_KLOO_oracle_det_K10,0.9914163090128756,3.601234953637322
6,wine,neural_net,JAW_KLOO_lr_det_K10,0.9856938483547926,3.601234953637322
6,wine,neural_net,JAW_KLOO_rf_det_K10,0.9914163090128756,3.6506101181128416
6,wine,neural_net,CV+_K20,0.844062947067239,2.3733095912692352
6,wine,neural_net,wCV_oracle_K20,0.9842632331902719,inf
6,wine,neural_net,wCV_lr_K20,0.9842632331902719,inf
6,wine,neural_net,wCV_rf_K20,0.932761087267525,2.7061047264241003
6,wine,neural_net,JAW_KLOO_oracle_K20,0.9713876967095851,3.601234953637322
6,wine,neural_net,JAW_KLOO_lr_K20,0.9713876967095851,3.601234953637322
6,wine,neural_net,JAW_KLOO_rf_K20,0.9141630901287554,2.908542062022722
6,wine,neural_net,JAW_KLOO_oracle_det_K20,0.9885550786838341,3.697180968839781
6,wine,neural_net,JAW_KLOO_lr_det_K20,0.9928469241773963,inf
6,wine,neural_net,JAW_KLOO_rf_det_K20,0.9928469241773963,inf
6,wine,neural_net,CV+_K25,0.8226037195994278,2.3695225403648745
6,wine,neural_net,wCV_oracle_K25,0.9842632331902719,inf
6,wine,neural_net,wCV_lr_K25,0.9842632331902719,inf
6,wine,neural_net,wCV_rf_K25,0.9384835479256081,2.9288962070134312
6,wine,neural_net,JAW_KLOO_oracle_K25,0.9728183118741058,3.601234953637322
6,wine,neural_net,JAW_KLOO_lr_K25,0.9413447782546495,3.1839209343805646
6,wine,neural_net,JAW_KLOO_rf_K25,0.9098712446351931,3.0844160757149544
6,wine,neural_net,JAW_KLOO_oracle_det_K25,0.9899856938483548,inf
6,wine,neural_net,JAW_KLOO_lr_det_K25,0.9899856938483548,inf
6,wine,neural_net,JAW_KLOO_rf_det_K25,0.9928469241773963,inf
6,wine,neural_net,CV+_K50,0.8197424892703863,2.2859684189900795
6,wine,neural_net,wCV_oracle_K50,0.9828326180257511,inf
6,wine,neural_net,wCV_lr_K50,0.9828326180257511,inf
6,wine,neural_net,wCV_rf_K50,0.9313304721030042,2.7473872501106884
6,wine,neural_net,JAW_KLOO_oracle_K50,0.9713876967095851,3.601234953637322
6,wine,neural_net,JAW_KLOO_lr_K50,0.9341917024320457,3.0977334389064586
6,wine,neural_net,JAW_KLOO_rf_K50,0.9713876967095851,3.601234953637322
6,wine,neural_net,JAW_KLOO_oracle_det_K50,0.9928469241773963,inf
6,wine,neural_net,JAW_KLOO_lr_det_K50,0.9928469241773963,inf
6,wine,neural_net,JAW_KLOO_rf_det_K50,0.9914163090128756,3.592050509575322
7,wine,neural_net,naive,0.7081545064377682,1.634338692048221
7,wine,neural_net,jackknife,0.7639484978540773,1.920991943866241
7,wine,neural_net,jackknife+,0.8025751072961373,2.0326304404209736
7,wine,neural_net,jackknife-mm,0.8969957081545065,2.571682948375103
7,wine,neural_net,split,0.844062947067239,2.3018177583868216
7,wine,neural_net,weighted_split_oracle,0.8025751072961373,1.609567632181049
7,wine,neural_net,weighted_split_lr,0.8111587982832618,1.609567632181049
7,wine,neural_net,weighted_split_rf,0.8111587982832618,1.7235736065571192
7,wine,neural_net,JAW_oracle,0.8283261802575107,2.0408557937000964
7,wine,neural_net,JAW_lr,0.8369098712446352,2.1049516659251637
7,wine,neural_net,JAW_rf,0.8512160228898427,2.1331510059709737
7,wine,neural_net,JAWmm_oracle,0.8969957081545065,2.571682948375103
7,wine,neural_net,JAWmm_lr,0.9241773962804005,2.703937375993399
7,wine,neural_net,JAWmm_rf,0.9241773962804005,2.7016942888059665
7,wine,neural_net,CV+_K5,0.8068669527896996,2.031472628738925
7,wine,neural_net,wCV_oracle_K5,0.8640915593705293,2.0722805169122047
7,wine,neural_net,wCV_lr_K5,0.8540772532188842,2.1486898576438627
7,wine,neural_net,wCV_rf_K5,0.8597997138769671,2.167914687716957
7,wine,neural_net,JAW_KLOO_oracle_K5,0.8597997138769671,2.403328410084569
7,wine,neural_net,JAW_KLOO_lr_K5,0.8669527896995708,2.5160457067098285
7,wine,neural_net,JAW_KLOO_rf_K5,0.8082975679542204,2.053246371484537
7,wine,neural_net,JAW_KLOO_oracle_det_K5,0.6852646638054364,0.989008419327182
7,wine,neural_net,JAW_KLOO_lr_det_K5,0.6080114449213162,0.8474728964352813
7,wine,neural_net,JAW_KLOO_rf_det_K5,0.6666666666666666,0.9172356784842419
7,wine,neural_net,CV+_K10,0.7982832618025751,1.9891406544322718
7,wine,neural_net,wCV_oracle_K10,0.8497854077253219,1.9860728588672547
7,wine,neural_net,wCV_lr_K10,0.8226037195994278,1.9765795178382204
7,wine,neural_net,wCV_rf_K10,0.8311874105865522,2.0398337865566134
7,wine,neural_net,JAW_KLOO_oracle_K10,0.8626609442060086,2.443723084456341
7,wine,neural_net,JAW_KLOO_lr_K10,0.7954220314735336,2.1001403554654186
7,wine,neural_net,JAW_KLOO_rf_K10,0.7525035765379113,1.6762509478971719
7,wine,neural_net,JAW_KLOO_oracle_det_K10,0.8383404864091559,1.8877053956951553
7,wine,neural_net,JAW_KLOO_lr_det_K10,0.8197424892703863,1.873786722534743
7,wine,neural_net,JAW_KLOO_rf_det_K10,0.9399141630901288,2.4453853683110083
7,wine,neural_net,CV+_K20,0.7896995708154506,1.9681913377623292
7,wine,neural_net,wCV_oracle_K20,0.8054363376251789,1.9695518629561448
7,wine,neural_net,wCV_lr_K20,0.82689556509299,2.026306016815533
7,wine,neural_net,wCV_rf_K20,0.8326180257510729,2.0617866985220425
7,wine,neural_net,JAW_KLOO_oracle_K20,0.8154506437768241,2.0592120432555614
7,wine,neural_net,JAW_KLOO_lr_K20,0.8497854077253219,2.3832271948426467
7,wine,neural_net,JAW_KLOO_rf_K20,0.8497854077253219,2.2662233269641714
7,wine,neural_net,JAW_KLOO_oracle_det_K20,0.9184549356223176,2.3436499266317705
7,wine,neural_net,JAW_KLOO_lr_det_K20,0.927038626609442,2.4358260069335804
7,wine,neural_net,JAW_KLOO_rf_det_K20,0.927038626609442,2.456149595612046
7,wine,neural_net,CV+_K25,0.7925608011444921,1.9922275038458102
7,wine,neural_net,wCV_oracle_K25,0.8183118741058655,1.9641820022630911
7,wine,neural_net,wCV_lr_K25,0.7982832618025751,1.9769405134591258
7,wine,neural_net,wCV_rf_K25,0.8283261802575107,2.029599620080309
7,wine,neural_net,JAW_KLOO_oracle_K25,0.8240343347639485,2.1842133432598425
7,wine,neural_net,JAW_KLOO_lr_K25,0.82689556509299,2.0485062161987564
7,wine,neural_net,JAW_KLOO_rf_K25,0.8412017167381974,2.271190642237592
7,wine,neural_net,JAW_KLOO_oracle_det_K25,0.8326180257510729,1.8833726185134765
7,wine,neural_net,JAW_KLOO_lr_det_K25,0.8426323319027181,1.9743259700623401
7,wine,neural_net,JAW_KLOO_rf_det_K25,0.9313304721030042,2.4984563091099865
7,wine,neural_net,CV+_K50,0.7882689556509299,1.9772472671203891
7,wine,neural_net,wCV_oracle_K50,0.8168812589413448,1.9657894814581507
7,wine,neural_net,wCV_lr_K50,0.8168812589413448,1.945320483160363
7,wine,neural_net,wCV_rf_K50,0.8254649499284692,2.0271588235828926
7,wine,neural_net,JAW_KLOO_oracle_K50,0.7696709585121603,1.8708998634495382
7,wine,neural_net,JAW_KLOO_lr_K50,0.7968526466380543,2.053246371484537
7,wine,neural_net,JAW_KLOO_rf_K50,0.8698140200286123,2.4273454409736646
7,wine,neural_net,JAW_KLOO_oracle_det_K50,0.8497854077253219,1.952482901675241
7,wine,neural_net,JAW_KLOO_lr_det_K50,0.882689556509299,2.2246680035114927
7,wine,neural_net,JAW_KLOO_rf_det_K50,0.9055793991416309,2.2765774495517777
8,wine,neural_net,naive,0.8082975679542204,2.125799395846366
8,wine,neural_net,jackknife,0.894134477825465,2.5546174378589885
8,wine,neural_net,jackknife+,0.876967095851216,2.5564510442401795
8,wine,neural_net,jackknife-mm,0.977110157367668,3.3681384276771933
8,wine,neural_net,split,0.9413447782546495,3.1139627160958714
8,wine,neural_net,weighted_split_oracle,0.9814020028612304,3.8692761718579085
8,wine,neural_net,weighted_split_lr,0.9742489270386266,3.181873874669728
8,wine,neural_net,weighted_split_rf,0.9742489270386266,3.289991419969777
8,wine,neural_net,JAW_oracle,0.932761087267525,2.82879662732549
8,wine,neural_net,JAW_lr,0.9298998569384835,2.8154787524938314
8,wine,neural_net,JAW_rf,0.932761087267525,2.8601191125183405
8,wine,neural_net,JAWmm_oracle,0.9785407725321889,3.463698112934704
8,wine,neural_net,JAWmm_lr,0.9785407725321889,3.4126338503009404
8,wine,neural_net,JAWmm_rf,0.9871244635193133,3.585118769157564
8,wine,neural_net,CV+_K5,0.8955650929899857,2.703485671531971
8,wine,neural_net,wCV_oracle_K5,0.9399141630901288,2.941016315770349
8,wine,neural_net,wCV_lr_K5,0.9399141630901288,2.9119924772329355
8,wine,neural_net,wCV_rf_K5,0.9484978540772532,2.9671568788871205
8,wine,neural_net,JAW_KLOO_oracle_K5,0.8154506437768241,2.2987968013318003
8,wine,neural_net,JAW_KLOO_lr_K5,0.8240343347639485,2.2144271521977306
8,wine,neural_net,JAW_KLOO_rf_K5,0.7310443490701002,1.6273983224043214
8,wine,neural_net,JAW_KLOO_oracle_det_K5,0.9356223175965666,2.586586026874774
8,wine,neural_net,JAW_KLOO_lr_det_K5,0.927038626609442,2.5226810295658684
8,wine,neural_net,JAW_KLOO_rf_det_K5,0.9642346208869814,2.9159118886393163
8,wine,neural_net,CV+_K10,0.8955650929899857,2.790054252174407
8,wine,neural_net,wCV_oracle_K10,0.9656652360515021,3.4746001890597196
8,wine,neural_net,wCV_lr_K10,0.9699570815450643,3.416718634393299
8,wine,neural_net,wCV_rf_K10,0.9527896995708155,3.356103397106021
8,wine,neural_net,JAW_KLOO_oracle_K10,0.9227467811158798,2.9341792074443065
8,wine,neural_net,JAW_KLOO_lr_K10,0.9070100143061517,2.834836814491779
8,wine,neural_net,JAW_KLOO_rf_K10,0.9785407725321889,3.534306917503841
8,wine,neural_net,JAW_KLOO_oracle_det_K10,0.9556509298998569,3.0970494809836087
8,wine,neural_net,JAW_KLOO_lr_det_K10,0.9556509298998569,3.0970494809836087
8,wine,neural_net,JAW_KLOO_rf_det_K10,0.9599427753934192,2.8303050407721164
8,wine,neural_net,CV+_K20,0.8898426323319027,2.6711245409467903
8,wine,neural_net,wCV_oracle_K20,0.9484978540772532,3.058754116570234
8,wine,neural_net,wCV_lr_K20,0.9484978540772532,3.0715964703554635
8,wine,neural_net,wCV_rf_K20,0.949928469241774,3.076469013666558
8,wine,neural_net,JAW_KLOO_oracle_K20,0.9399141630901288,2.976653595411146
8,wine,neural_net,JAW_KLOO_lr_K20,0.932761087267525,2.9781533223636867
8,wine,neural_net,JAW_KLOO_rf_K20,0.8812589413447782,2.6306104938003143
8,wine,neural_net,JAW_KLOO_oracle_det_K20,0.9570815450643777,3.1163741230556283
8,wine,neural_net,JAW_KLOO_lr_det_K20,0.9542203147353362,3.0970494809836087
8,wine,neural_net,JAW_KLOO_rf_det_K20,0.9742489270386266,3.4995321731663944
8,wine,neural_net,CV+_K25,0.8798283261802575,2.612819480932399
8,wine,neural_net,wCV_oracle_K25,0.9570815450643777,2.985453831400262
8,wine,neural_net,wCV_lr_K25,0.9484978540772532,2.9582670340450585
8,wine,neural_net,wCV_rf_K25,0.944206008583691,2.985453831400262
8,wine,neural_net,JAW_KLOO_oracle_K25,0.9427753934191703,3.051757792060843
8,wine,neural_net,JAW_KLOO_lr_K25,0.871244635193133,2.5226810295658684
8,wine,neural_net,JAW_KLOO_rf_K25,0.8698140200286123,2.551354331077194
8,wine,neural_net,JAW_KLOO_oracle_det_K25,0.9570815450643777,3.0970494809836087
8,wine,neural_net,JAW_KLOO_lr_det_K25,0.9513590844062947,3.0256063070308894
8,wine,neural_net,JAW_KLOO_rf_det_K25,0.9642346208869814,3.3065758233762343
8,wine,neural_net,CV+_K50,0.894134477825465,2.738652396345059
8,wine,neural_net,wCV_oracle_K50,0.9527896995708155,3.025400353361177
8,wine,neural_net,wCV_lr_K50,0.9527896995708155,3.019523516704333
8,wine,neural_net,wCV_rf_K50,0.9527896995708155,3.0284301762324626
8,wine,neural_net,JAW_KLOO_oracle_K50,0.927038626609442,2.945160451054848
8,wine,neural_net,JAW_KLOO_lr_K50,0.8726752503576538,2.5150531493854844
8,wine,neural_net,JAW_KLOO_rf_K50,0.9155937052932761,3.0146532706690756
8,wine,neural_net,JAW_KLOO_oracle_det_K50,0.9427753934191703,2.993831708432656
8,wine,neural_net,JAW_KLOO_lr_det_K50,0.9484978540772532,2.9489090171056036
8,wine,neural_net,JAW_KLOO_rf_det_K50,0.9599427753934192,3.0970494809836087
9,wine,neural_net,naive,0.721030042918455,1.5979858749391394
9,wine,neural_net,jackknife,0.8354792560801144,2.0352780050517296
9,wine,neural_net,jackknife+,0.8426323319027181,2.108030687552162
9,wine,neural_net,jackknife-mm,0.9055793991416309,2.678373606991875
9,wine,neural_net,split,0.8497854077253219,2.3431165557037232
9,wine,neural_net,weighted_split_oracle,0.9799713876967096,4.077805506714036
9,wine,neural_net,weighted_split_lr,0.9742489270386266,3.3813100951708215
9,wine,neural_net,weighted_split_rf,0.9742489270386266,3.3813100951708215
9,wine,neural_net,JAW_oracle,0.9628040057224606,3.009017683958735
9,wine,neural_net,JAW_lr,0.944206008583691,2.941970489019284
9,wine,neural_net,JAW_rf,0.927038626609442,2.907694225489905
9,wine,neural_net,JAWmm_oracle,0.9785407725321889,3.599970957054917
9,wine,neural_net,JAWmm_lr,0.9785407725321889,3.579873566330982
9,wine,neural_net,JAWmm_rf,0.9585121602288984,3.3566497476606463
9,wine,neural_net,CV+_K5,0.8626609442060086,2.2447545310550527
9,wine,neural_net,wCV_oracle_K5,0.9527896995708155,3.387695136303633
9,wine,neural_net,wCV_lr_K5,0.9284692417739628,3.0633222949430348
9,wine,neural_net,wCV_rf_K5,0.9184549356223176,3.0137879650590262
9,wine,neural_net,JAW_KLOO_oracle_K5,0.9098712446351931,2.9568753551147715
9,wine,neural_net,JAW_KLOO_lr_K5,0.9814020028612304,4.984644601397642
9,wine,neural_net,JAW_KLOO_rf_K5,0.9971387696709585,4.204067593517653
9,wine,neural_net,JAW_KLOO_oracle_det_K5,0.9971387696709585,4.204067593517653
9,wine,neural_net,JAW_KLOO_lr_det_K5,0.9971387696709585,4.204067593517653
9,wine,neural_net,JAW_KLOO_rf_det_K5,0.9971387696709585,4.204067593517653
9,wine,neural_net,CV+_K10,0.8612303290414879,2.2168980935779965
9,wine,neural_net,wCV_oracle_K10,0.9656652360515021,3.3144885570287226
9,wine,neural_net,wCV_lr_K10,0.9427753934191703,2.952787417164429
9,wine,neural_net,wCV_rf_K10,0.9241773962804005,2.842279540383106
9,wine,neural_net,JAW_KLOO_oracle_K10,0.9170243204577968,2.9568753551147715
9,wine,neural_net,JAW_KLOO_lr_K10,0.9170243204577968,2.9803815300921492
9,wine,neural_net,JAW_KLOO_rf_K10,0.6952789699570815,1.4893782038598928
9,wine,neural_net,JAW_KLOO_oracle_det_K10,0.9971387696709585,4.204067593517653
9,wine,neural_net,JAW_KLOO_lr_det_K10,0.9914163090128756,3.7795431449255723
9,wine,neural_net,JAW_KLOO_rf_det_K10,0.9971387696709585,4.204067593517653
9,wine,neural_net,CV+_K20,0.8583690987124464,2.1730411608049787
9,wine,neural_net,wCV_oracle_K20,0.9685264663805436,3.245978014065874
9,wine,neural_net,wCV_lr_K20,0.949928469241774,3.136125314740868
9,wine,neural_net,wCV_rf_K20,0.9313304721030042,2.850677885370761
9,wine,neural_net,JAW_KLOO_oracle_K20,0.9513590844062947,3.6738506975026395
9,wine,neural_net,JAW_KLOO_lr_K20,0.949928469241774,3.701429412901497
9,wine,neural_net,JAW_KLOO_rf_K20,0.8683834048640916,2.2676706861804803
9,wine,neural_net,JAW_KLOO_oracle_det_K20,0.9914163090128756,4.063690570177664
9,wine,neural_net,JAW_KLOO_lr_det_K20,0.9914163090128756,3.810629309789719
9,wine,neural_net,JAW_KLOO_rf_det_K20,0.9914163090128756,inf
9,wine,neural_net,CV+_K25,0.8354792560801144,2.1322199422711146
9,wine,neural_net,wCV_oracle_K25,0.9685264663805436,3.1607221873872415
9,wine,neural_net,wCV_lr_K25,0.9184549356223176,2.8307135572538176
9,wine,neural_net,wCV_rf_K25,0.9098712446351931,2.6826744373720244
9,wine,neural_net,JAW_KLOO_oracle_K25,0.9098712446351931,2.797656201634112
9,wine,neural_net,JAW_KLOO_lr_K25,0.9513590844062947,3.6316493453183893
9,wine,neural_net,JAW_KLOO_rf_K25,0.9356223175965666,3.380311987879548
9,wine,neural_net,JAW_KLOO_oracle_det_K25,0.9914163090128756,3.9534295536810538
9,wine,neural_net,JAW_KLOO_lr_det_K25,0.9914163090128756,3.7134309801140795
9,wine,neural_net,JAW_KLOO_rf_det_K25,0.9871244635193133,3.815469470122016
9,wine,neural_net,CV+_K50,0.8254649499284692,2.056904825863125
9,wine,neural_net,wCV_oracle_K50,0.9642346208869814,3.281517155243744
9,wine,neural_net,wCV_lr_K50,0.9484978540772532,3.1397379064766398
9,wine,neural_net,wCV_rf_K50,0.944206008583691,3.0133700353428745
9,wine,neural_net,JAW_KLOO_oracle_K50,0.9313304721030042,3.5565354295838265
9,wine,neural_net,JAW_KLOO_lr_K50,0.9155937052932761,2.9568753551147715
9,wine,neural_net,JAW_KLOO_rf_K50,0.9227467811158798,2.9568753551147715
9,wine,neural_net,JAW_KLOO_oracle_det_K50,0.9842632331902719,3.622904619746892
9,wine,neural_net,JAW_KLOO_lr_det_K50,0.9828326180257511,3.492977832669009
9,wine,neural_net,JAW_KLOO_rf_det_K50,0.9814020028612304,3.5496186409664316
10,wine,neural_net,naive,0.7796852646638054,2.0495713363617085
10,wine,neural_net,jackknife,0.8583690987124464,2.6310270178844846
10,wine,neural_net,jackknife+,0.9113018597997139,2.632233311980362
10,wine,neural_net,jackknife-mm,0.9685264663805436,3.386365642771751
10,wine,neural_net,split,0.9084406294706724,2.723228033703073
10,wine,neural_net,weighted_split_oracle,0.8812589413447782,2.2133098301001723
10,wine,neural_net,weighted_split_lr,0.894134477825465,2.4661828839134596
10,wine,neural_net,weighted_split_rf,0.9070100143061517,2.723228033703073
10,wine,neural_net,JAW_oracle,0.9313304721030042,2.849694355009416
10,wine,neural_net,JAW_lr,0.9313304721030042,2.821809432608986
10,wine,neural_net,JAW_rf,0.9313304721030042,2.822418319972744
10,wine,neural_net,JAWmm_oracle,0.9685264663805436,3.4044118961317524
10,wine,neural_net,JAWmm_lr,0.9685264663805436,3.4044118961317524
10,wine,neural_net,JAWmm_rf,0.9685264663805436,3.4044118961317524
10,wine,neural_net,CV+_K5,0.8927038626609443,2.4710717062734027
10,wine,neural_net,wCV_oracle_K5,0.9184549356223176,2.475702398769684
10,wine,neural_net,wCV_lr_K5,0.9098712446351931,2.43433695786093
10,wine,neural_net,wCV_rf_K5,0.9170243204577968,2.5012163528994753
10,wine,neural_net,JAW_KLOO_oracle_K5,0.8226037195994278,2.0973739033316887
10,wine,neural_net,JAW_KLOO_lr_K5,0.9484978540772532,3.1895384153335424
10,wine,neural_net,JAW_KLOO_rf_K5,0.8512160228898427,2.522696351883063
10,wine,neural_net,JAW_KLOO_oracle_det_K5,0.9756795422031473,3.472253974619072
10,wine,neural_net,JAW_KLOO_lr_det_K5,0.9756795422031473,3.472253974619072
10,wine,neural_net,JAW_KLOO_rf_det_K5,0.9756795422031473,3.472253974619072
10,wine,neural_net,CV+_K10,0.8683834048640916,2.608602789081793
10,wine,neural_net,wCV_oracle_K10,0.9399141630901288,2.8364102458844007
10,wine,neural_net,wCV_lr_K10,0.9356223175965666,2.797552271527726
10,wine,neural_net,wCV_rf_K10,0.9399141630901288,2.816826828602278
10,wine,neural_net,JAW_KLOO_oracle_K10,0.7110157367668097,1.4983814255934078
10,wine,neural_net,JAW_KLOO_lr_K10,0.9298998569384835,2.784605500988169
10,wine,neural_net,JAW_KLOO_rf_K10,0.9699570815450643,3.5303472209254814
10,wine,neural_net,JAW_KLOO_oracle_det_K10,0.9756795422031473,3.237889248081631
10,wine,neural_net,JAW_KLOO_lr_det_K10,0.9814020028612304,3.472253974619072
10,wine,neural_net,JAW_KLOO_rf_det_K10,0.9814020028612304,3.472253974619072
10,wine,neural_net,CV+_K20,0.8626609442060086,2.556251037762939
10,wine,neural_net,wCV_oracle_K20,0.9298998569384835,2.850073406554003
10,wine,neural_net,wCV_lr_K20,0.9284692417739628,2.7994850286150745
10,wine,neural_net,wCV_rf_K20,0.9284692417739628,2.814960593397875
10,wine,neural_net,JAW_KLOO_oracle_K20,0.821173104434907,2.228958443687721
10,wine,neural_net,JAW_KLOO_lr_K20,0.994277539341917,inf
10,wine,neural_net,JAW_KLOO_rf_K20,0.9256080114449213,2.782136306899475
10,wine,neural_net,JAW_KLOO_oracle_det_K20,0.9756795422031473,3.238337013370421
10,wine,neural_net,JAW_KLOO_lr_det_K20,0.977110157367668,3.2948000895185725
10,wine,neural_net,JAW_KLOO_rf_det_K20,0.9799713876967096,3.4265344613140405
10,wine,neural_net,CV+_K25,0.9213161659513591,2.5545102967834126
10,wine,neural_net,wCV_oracle_K25,0.9370529327610873,2.665345385161703
10,wine,neural_net,wCV_lr_K25,0.9241773962804005,2.6640233451059023
10,wine,neural_net,wCV_rf_K25,0.932761087267525,2.686472731336954
10,wine,neural_net,JAW_KLOO_oracle_K25,0.9227467811158798,2.8600082777559663
10,wine,neural_net,JAW_KLOO_lr_K25,0.9556509298998569,3.2245076780959847
10,wine,neural_net,JAW_KLOO_rf_K25,0.9170243204577968,2.7055222916862034
10,wine,neural_net,JAW_KLOO_oracle_det_K25,0.9713876967095851,3.1286288306472683
10,wine,neural_net,JAW_KLOO_lr_det_K25,0.9728183118741058,3.183181404218683
10,wine,neural_net,JAW_KLOO_rf_det_K25,0.9742489270386266,3.289731857243418
10,wine,neural_net,CV+_K50,0.9041487839771102,2.5465330154922796
10,wine,neural_net,wCV_oracle_K50,0.9256080114449213,2.7449782029210645
10,wine,neural_net,wCV_lr_K50,0.9241773962804005,2.69986683170164
10,wine,neural_net,wCV_rf_K50,0.9241773962804005,2.7046837489543787
10,wine,neural_net,JAW_KLOO_oracle_K50,0.9470672389127325,3.0391991659048934
10,wine,neural_net,JAW_KLOO_lr_K50,0.9427753934191703,3.0070977297562234
10,wine,neural_net,JAW_KLOO_rf_K50,0.932761087267525,3.0289074749956217
10,wine,neural_net,JAW_KLOO_oracle_det_K50,0.9384835479256081,2.9345896535874543
10,wine,neural_net,JAW_KLOO_lr_det_K50,0.9413447782546495,2.9656098953503687
10,wine,neural_net,JAW_KLOO_rf_det_K50,0.9427753934191703,3.0391991659048934
11,wine,neural_net,naive,0.7925608011444921,2.1991047160896837
11,wine,neural_net,jackknife,0.8454935622317596,2.5161121675770595
11,wine,neural_net,jackknife+,0.8583690987124464,2.566458847579929
11,wine,neural_net,jackknife-mm,0.9542203147353362,3.480561088459913
11,wine,neural_net,split,0.8354792560801144,3.18183222431521
11,wine,neural_net,weighted_split_oracle,0.8798283261802575,3.185955147155328
11,wine,neural_net,weighted_split_lr,0.876967095851216,3.18183222431521
11,wine,neural_net,weighted_split_rf,0.8755364806866953,3.185955147155328
11,wine,neural_net,JAW_oracle,0.8898426323319027,2.5424514231071074
11,wine,neural_net,JAW_lr,0.8812589413447782,2.434312183661172
11,wine,neural_net,JAW_rf,0.8869814020028612,2.625091329989333
11,wine,neural_net,JAWmm_oracle,0.944206008583691,3.339473695960879
11,wine,neural_net,JAWmm_lr,0.944206008583691,3.280786978244536
11,wine,neural_net,JAWmm_rf,0.9527896995708155,3.3943713819108092
11,wine,neural_net,CV+_K5,0.8755364806866953,2.670408088096851
11,wine,neural_net,wCV_oracle_K5,0.9084406294706724,2.7468203393624266
11,wine,neural_net,wCV_lr_K5,0.8855507868383404,2.643088632930101
11,wine,neural_net,wCV_rf_K5,0.894134477825465,2.7858398314779285
11,wine,neural_net,JAW_KLOO_oracle_K5,1.0,inf
11,wine,neural_net,JAW_KLOO_lr_K5,0.8683834048640916,2.548567891144172
11,wine,neural_net,JAW_KLOO_rf_K5,0.8597997138769671,2.850061610435997
11,wine,neural_net,JAW_KLOO_oracle_det_K5,0.7997138769670958,1.7376090264458748
11,wine,neural_net,JAW_KLOO_lr_det_K5,0.7997138769670958,1.7425438689384425
11,wine,neural_net,JAW_KLOO_rf_det_K5,0.8111587982832618,1.7639711605680608
11,wine,neural_net,CV+_K10,0.8683834048640916,2.5983881574062195
11,wine,neural_net,wCV_oracle_K10,0.894134477825465,2.673783180925944
11,wine,neural_net,wCV_lr_K10,0.8969957081545065,2.5734899698588567
11,wine,neural_net,wCV_rf_K10,0.8912732474964234,2.704472058850283
11,wine,neural_net,JAW_KLOO_oracle_K10,0.9670958512160229,inf
11,wine,neural_net,JAW_KLOO_lr_K10,0.771101573676681,1.9847348341318796
11,wine,neural_net,JAW_KLOO_rf_K10,0.9556509298998569,inf
11,wine,neural_net,JAW_KLOO_oracle_det_K10,0.899856938483548,2.164491684587836
11,wine,neural_net,JAW_KLOO_lr_det_K10,0.899856938483548,2.164491684587836
11,wine,neural_net,JAW_KLOO_rf_det_K10,0.894134477825465,2.218834207254864
11,wine,neural_net,CV+_K20,0.8612303290414879,2.585549184915666
11,wine,neural_net,wCV_oracle_K20,0.899856938483548,2.7247651160623896
11,wine,neural_net,wCV_lr_K20,0.8969957081545065,2.5994109182430005
11,wine,neural_net,wCV_rf_K20,0.894134477825465,2.7134904092964574
11,wine,neural_net,JAW_KLOO_oracle_K20,0.9370529327610873,inf
11,wine,neural_net,JAW_KLOO_lr_K20,0.9542203147353362,inf
11,wine,neural_net,JAW_KLOO_rf_K20,0.876967095851216,2.6167553238473573
11,wine,neural_net,JAW_KLOO_oracle_det_K20,0.9213161659513591,2.4452340962217374
11,wine,neural_net,JAW_KLOO_lr_det_K20,0.899856938483548,2.2630821255160534
11,wine,neural_net,JAW_KLOO_rf_det_K20,0.9585121602288984,3.216576908119009
11,wine,neural_net,CV+_K25,0.8884120171673819,2.7684005037216934
11,wine,neural_net,wCV_oracle_K25,0.9113018597997139,2.8018777277295364
11,wine,neural_net,wCV_lr_K25,0.8955650929899857,2.620553070220028
11,wine,neural_net,wCV_rf_K25,0.9084406294706724,2.815812024328527
11,wine,neural_net,JAW_KLOO_oracle_K25,0.8426323319027181,2.1580385095693755
11,wine,neural_net,JAW_KLOO_lr_K25,0.9513590844062947,4.207019769349431
11,wine,neural_net,JAW_KLOO_rf_K25,0.9556509298998569,4.011228742767174
11,wine,neural_net,JAW_KLOO_oracle_det_K25,0.8969957081545065,2.3163380573616816
11,wine,neural_net,JAW_KLOO_lr_det_K25,0.8898426323319027,2.207901081539009
11,wine,neural_net,JAW_KLOO_rf_det_K25,0.9384835479256081,3.0537082619601534
11,wine,neural_net,CV+_K50,0.8597997138769671,2.577401915672132
11,wine,neural_net,wCV_oracle_K50,0.9070100143061517,2.7328516561049803
11,wine,neural_net,wCV_lr_K50,0.8927038626609443,2.642846546209129
11,wine,neural_net,wCV_rf_K50,0.8969957081545065,2.7140125906405075
11,wine,neural_net,JAW_KLOO_oracle_K50,1.0,inf
11,wine,neural_net,JAW_KLOO_lr_K50,1.0,inf
11,wine,neural_net,JAW_KLOO_rf_K50,0.8097281831187411,2.1775099863540976
11,wine,neural_net,JAW_KLOO_oracle_det_K50,0.8984263233190272,2.486727139951326
11,wine,neural_net,JAW_KLOO_lr_det_K50,0.8955650929899857,2.3742722478479514
11,wine,neural_net,JAW_KLOO_rf_det_K50,0.9170243204577968,2.6972318552127375
12,wine,neural_net,naive,0.7625178826895566,1.9109589087090875
12,wine,neural_net,jackknife,0.8798283261802575,2.3574702997973347
12,wine,neural_net,jackknife+,0.8927038626609443,2.353362156799328
12,wine,neural_net,jackknife-mm,0.9728183118741058,3.2856617313941534
12,wine,neural_net,split,0.8068669527896996,2.0998391289870995
12,wine,neural_net,weighted_split_oracle,0.9370529327610873,2.4865347800047957
12,wine,neural_net,weighted_split_lr,0.9370529327610873,2.4865347800047957
12,wine,neural_net,weighted_split_rf,0.9241773962804005,2.3012938360336417
12,wine,neural_net,JAW_oracle,0.9699570815450643,3.0814399850310608
12,wine,neural_net,JAW_lr,0.9656652360515021,3.1483218658187218
12,wine,neural_net,JAW_rf,0.9728183118741058,3.129264425361704
12,wine,neural_net,JAWmm_oracle,0.9928469241773963,3.946237248430518
12,wine,neural_net,JAWmm_lr,0.9928469241773963,3.9956257497273766
12,wine,neural_net,JAWmm_rf,0.9928469241773963,3.9956257497273766
12,wine,neural_net,CV+_K5,0.8884120171673819,2.4421808956824362
12,wine,neural_net,wCV_oracle_K5,0.9570815450643777,2.9393670797694504
12,wine,neural_net,wCV_lr_K5,0.9628040057224606,2.9393670797694504
12,wine,neural_net,wCV_rf_K5,0.9628040057224606,2.9393670797694504
12,wine,neural_net,JAW_KLOO_oracle_K5,0.8383404864091559,2.149678900299678
12,wine,neural_net,JAW_KLOO_lr_K5,0.7167381974248928,1.4764321590495797
12,wine,neural_net,JAW_KLOO_rf_K5,0.927038626609442,3.067434318130557
12,wine,neural_net,JAW_KLOO_oracle_det_K5,0.9713876967095851,3.067434318130557
12,wine,neural_net,JAW_KLOO_lr_det_K5,0.9713876967095851,3.067434318130557
12,wine,neural_net,JAW_KLOO_rf_det_K5,0.9756795422031473,3.070724214832884
12,wine,neural_net,CV+_K10,0.871244635193133,2.296466979371954
12,wine,neural_net,wCV_oracle_K10,0.9298998569384835,2.5893294093622874
12,wine,neural_net,wCV_lr_K10,0.944206008583691,2.5882087710018844
12,wine,neural_net,wCV_rf_K10,0.9427753934191703,2.492913452168387
12,wine,neural_net,JAW_KLOO_oracle_K10,0.9914163090128756,4.209447683905648
12,wine,neural_net,JAW_KLOO_lr_K10,0.9556509298998569,3.067434318130557
12,wine,neural_net,JAW_KLOO_rf_K10,0.9370529327610873,3.067434318130557
12,wine,neural_net,JAW_KLOO_oracle_det_K10,0.9785407725321889,3.067434318130557
12,wine,neural_net,JAW_KLOO_lr_det_K10,0.977110157367668,3.067434318130557
12,wine,neural_net,JAW_KLOO_rf_det_K10,0.9785407725321889,3.07609272654794
12,wine,neural_net,CV+_K20,0.8683834048640916,2.2939973254369086
12,wine,neural_net,wCV_oracle_K20,0.9399141630901288,2.644908176803362
12,wine,neural_net,wCV_lr_K20,0.9527896995708155,2.6241734769621994
12,wine,neural_net,wCV_rf_K20,0.9384835479256081,2.6062854711338472
12,wine,neural_net,JAW_KLOO_oracle_K20,0.994277539341917,inf
12,wine,neural_net,JAW_KLOO_lr_K20,0.9313304721030042,3.067434318130557
12,wine,neural_net,JAW_KLOO_rf_K20,0.944206008583691,inf
12,wine,neural_net,JAW_KLOO_oracle_det_K20,0.9756795422031473,3.351033928871363
12,wine,neural_net,JAW_KLOO_lr_det_K20,0.9814020028612304,3.329441297591469
12,wine,neural_net,JAW_KLOO_rf_det_K20,0.9785407725321889,inf
12,wine,neural_net,CV+_K25,0.8912732474964234,2.512483014110578
12,wine,neural_net,wCV_oracle_K25,0.9871244635193133,3.408374519499209
12,wine,neural_net,wCV_lr_K25,0.9814020028612304,3.311119018821995
12,wine,neural_net,wCV_rf_K25,0.9742489270386266,2.892799636340661
12,wine,neural_net,JAW_KLOO_oracle_K25,0.9084406294706724,2.6718006245161225
12,wine,neural_net,JAW_KLOO_lr_K25,0.9313304721030042,3.067434318130557
12,wine,neural_net,JAW_KLOO_rf_K25,0.9842632331902719,3.755306443582665
12,wine,neural_net,JAW_KLOO_oracle_det_K25,0.9756795422031473,3.3324930360780334
12,wine,neural_net,JAW_KLOO_lr_det_K25,0.9814020028612304,3.3311015795638133
12,wine,neural_net,JAW_KLOO_rf_det_K25,0.9814020028612304,3.4469995834211424
12,wine,neural_net,CV+_K50,0.894134477825465,2.4497703391686825
12,wine,neural_net,wCV_oracle_K50,0.9356223175965666,2.8447364435937734
12,wine,neural_net,wCV_lr_K50,0.949928469241774,2.853283039628103
12,wine,neural_net,wCV_rf_K50,0.9370529327610873,2.866352449431621
12,wine,neural_net,JAW_KLOO_oracle_K50,0.9470672389127325,3.1804312306654063
12,wine,neural_net,JAW_KLOO_lr_K50,0.9413447782546495,3.2848467812009057
12,wine,neural_net,JAW_KLOO_rf_K50,0.9470672389127325,3.2629300149251934
12,wine,neural_net,JAW_KLOO_oracle_det_K50,0.9742489270386266,3.2719227442037004
12,wine,neural_net,JAW_KLOO_lr_det_K50,0.9799713876967096,3.2719227442037004
12,wine,neural_net,JAW_KLOO_rf_det_K50,0.9785407725321889,3.276242035076149
13,wine,neural_net,naive,0.8311874105865522,1.99425576622545
13,wine,neural_net,jackknife,0.8855507868383404,2.3180843719373243
13,wine,neural_net,jackknife+,0.8869814020028612,2.4175236928266077
13,wine,neural_net,jackknife-mm,0.9556509298998569,3.0482418007332894
13,wine,neural_net,split,0.8254649499284692,2.3547958755514866
13,wine,neural_net,weighted_split_oracle,0.7982832618025751,1.9240963785729814
13,wine,neural_net,weighted_split_lr,0.7854077253218884,1.9240963785729814
13,wine,neural_net,weighted_split_rf,0.8426323319027181,2.26376476404141
13,wine,neural_net,JAW_oracle,0.882689556509299,2.1509929654338205
13,wine,neural_net,JAW_lr,0.8841201716738197,2.131263851793684
13,wine,neural_net,JAW_rf,0.9012875536480687,2.332534296631123
13,wine,neural_net,JAWmm_oracle,0.9542203147353362,2.843954696735117
13,wine,neural_net,JAWmm_lr,0.9542203147353362,2.843954696735117
13,wine,neural_net,JAWmm_rf,0.9542203147353362,2.9124833557525944
13,wine,neural_net,CV+_K5,0.927038626609442,2.6139961980773476
13,wine,neural_net,wCV_oracle_K5,0.9113018597997139,2.371199523963642
13,wine,neural_net,wCV_lr_K5,0.932761087267525,2.3846722336887156
13,wine,neural_net,wCV_rf_K5,0.9399141630901288,2.5898539906762954
13,wine,neural_net,JAW_KLOO_oracle_K5,0.8640915593705293,2.244814612014723
13,wine,neural_net,JAW_KLOO_lr_K5,0.5522174535050072,0.9443538461287808
13,wine,neural_net,JAW_KLOO_rf_K5,0.6208869814020028,1.157968910878986
13,wine,neural_net,JAW_KLOO_oracle_det_K5,0.6208869814020028,0.9948421455266079
13,wine,neural_net,JAW_KLOO_lr_det_K5,0.6251788268955651,0.9954322603283465
13,wine,neural_net,JAW_KLOO_rf_det_K5,0.670958512160229,1.0353896352066876
13,wine,neural_net,CV+_K10,0.899856938483548,2.4311237704187265
13,wine,neural_net,wCV_oracle_K10,0.8783977110157367,2.117656153087048
13,wine,neural_net,wCV_lr_K10,0.8755364806866953,2.084771391848162
13,wine,neural_net,wCV_rf_K10,0.9041487839771102,2.385142466541083
13,wine,neural_net,JAW_KLOO_oracle_K10,0.9170243204577968,2.869382909993421
13,wine,neural_net,JAW_KLOO_lr_K10,0.7796852646638054,1.8549293249502394
13,wine,neural_net,JAW_KLOO_rf_K10,0.753934191702432,1.761231470045482
13,wine,neural_net,JAW_KLOO_oracle_det_K10,0.7467811158798283,1.4300082755956343
13,wine,neural_net,JAW_KLOO_lr_det_K10,0.698140200286123,1.0588578498849817
13,wine,neural_net,JAW_KLOO_rf_det_K10,0.7439198855507868,1.2723442798640594
13,wine,neural_net,CV+_K20,0.899856938483548,2.5567726373523607
13,wine,neural_net,wCV_oracle_K20,0.9012875536480687,2.298173494455628
13,wine,neural_net,wCV_lr_K20,0.9041487839771102,2.31248015192436
13,wine,neural_net,wCV_rf_K20,0.9141630901287554,2.4868279500907153
13,wine,neural_net,JAW_KLOO_oracle_K20,0.932761087267525,3.3849483749265037
13,wine,neural_net,JAW_KLOO_lr_K20,0.9055793991416309,2.7691852193528446
13,wine,neural_net,JAW_KLOO_rf_K20,0.8426323319027181,2.1046477622690665
13,wine,neural_net,JAW_KLOO_oracle_det_K20,0.7854077253218884,1.5411181008164974
13,wine,neural_net,JAW_KLOO_lr_det_K20,0.8011444921316166,1.5209500848012985
13,wine,neural_net,JAW_KLOO_rf_det_K20,0.7567954220314735,1.556460523922806
13,wine,neural_net,CV+_K25,0.8984263233190272,2.506687886273241
13,wine,neural_net,wCV_oracle_K25,0.8741058655221745,2.059365672068239
13,wine,neural_net,wCV_lr_K25,0.8798283261802575,2.0580610501798224
13,wine,neural_net,wCV_rf_K25,0.9041487839771102,2.3344588407922755
13,wine,neural_net,JAW_KLOO_oracle_K25,0.8812589413447782,2.3517761370163752
13,wine,neural_net,JAW_KLOO_lr_K25,0.7467811158798283,1.6555550133840766
13,wine,neural_net,JAW_KLOO_rf_K25,0.8898426323319027,2.417672413436075
13,wine,neural_net,JAW_KLOO_oracle_det_K25,0.8297567954220315,1.9138599891761388
13,wine,neural_net,JAW_KLOO_lr_det_K25,0.8383404864091559,1.7337497963789774
13,wine,neural_net,JAW_KLOO_rf_det_K25,0.7796852646638054,1.5441688857533595
13,wine,neural_net,CV+_K50,0.9027181688125894,2.5301886596024366
13,wine,neural_net,wCV_oracle_K50,0.8969957081545065,2.2002811252225776
13,wine,neural_net,wCV_lr_K50,0.9012875536480687,2.1538933567955345
13,wine,neural_net,wCV_rf_K50,0.9184549356223176,2.4801229057718075
13,wine,neural_net,JAW_KLOO_oracle_K50,0.8597997138769671,2.221155477950588
13,wine,neural_net,JAW_KLOO_lr_K50,0.8698140200286123,2.23312974606006
13,wine,neural_net,JAW_KLOO_rf_K50,0.8655221745350501,2.2340259543591863
13,wine,neural_net,JAW_KLOO_oracle_det_K50,0.894134477825465,2.082892286689642
13,wine,neural_net,JAW_KLOO_lr_det_K50,0.8969957081545065,2.0686443488891157
13,wine,neural_net,JAW_KLOO_rf_det_K50,0.894134477825465,2.1415272496380053
14,wine,neural_net,naive,0.8297567954220315,2.214140606757894
14,wine,neural_net,jackknife,0.8841201716738197,2.679636886750396
14,wine,neural_net,jackknife+,0.8884120171673819,2.8430817694681165
14,wine,neural_net,jackknife-mm,0.9928469241773963,4.0001505076550705
14,wine,neural_net,split,0.894134477825465,3.4492034031766483
14,wine,neural_net,weighted_split_oracle,0.9642346208869814,3.814400209040743
14,wine,neural_net,weighted_split_lr,0.9599427753934192,3.814400209040743
14,wine,neural_net,weighted_split_rf,0.9585121602288984,3.7949632197019207
14,wine,neural_net,JAW_oracle,0.9399141630901288,3.1044846007131364
14,wine,neural_net,JAW_lr,0.9399141630901288,3.0549712145136
14,wine,neural_net,JAW_rf,0.9427753934191703,3.148680535824261
14,wine,neural_net,JAWmm_oracle,0.9957081545064378,4.1819450164480525
14,wine,neural_net,JAWmm_lr,0.9928469241773963,3.9871442162697237
14,wine,neural_net,JAWmm_rf,0.9957081545064378,4.1819450164480525
14,wine,neural_net,CV+_K5,0.9527896995708155,3.1211506802760898
14,wine,neural_net,wCV_oracle_K5,0.9914163090128756,4.181158180936334
14,wine,neural_net,wCV_lr_K5,0.9914163090128756,4.188532594146597
14,wine,neural_net,wCV_rf_K5,0.9899856938483548,3.9955614473919745
14,wine,neural_net,JAW_KLOO_oracle_K5,0.6995708154506438,1.636146610806815
14,wine,neural_net,JAW_KLOO_lr_K5,0.7396280400572246,1.9002908397179281
14,wine,neural_net,JAW_KLOO_rf_K5,0.9256080114449213,3.43626656925394
14,wine,neural_net,JAW_KLOO_oracle_det_K5,0.9814020028612304,3.5520540481324687
14,wine,neural_net,JAW_KLOO_lr_det_K5,0.9227467811158798,2.463620028803896
14,wine,neural_net,JAW_KLOO_rf_det_K5,0.9828326180257511,3.5520540481324687
14,wine,neural_net,CV+_K10,0.8969957081545065,2.8704236172263
14,wine,neural_net,wCV_oracle_K10,0.9356223175965666,3.1316658162495026
14,wine,neural_net,wCV_lr_K10,0.9184549356223176,3.12053912770744
14,wine,neural_net,wCV_rf_K10,0.9356223175965666,3.153005665448803
14,wine,neural_net,JAW_KLOO_oracle_K10,0.8955650929899857,2.568909014007283
14,wine,neural_net,JAW_KLOO_lr_K10,0.8569384835479256,2.3307178618661073
14,wine,neural_net,JAW_KLOO_rf_K10,0.9456366237482118,3.55700362395158
14,wine,neural_net,JAW_KLOO_oracle_det_K10,0.977110157367668,3.4024326479063998
14,wine,neural_net,JAW_KLOO_lr_det_K10,0.977110157367668,3.4825059688692335
14,wine,neural_net,JAW_KLOO_rf_det_K10,0.9828326180257511,3.5520540481324687
14,wine,neural_net,CV+_K20,0.9127324749642346,3.0368636932661586
14,wine,neural_net,wCV_oracle_K20,0.9399141630901288,3.3866708189700576
14,wine,neural_net,wCV_lr_K20,0.9399141630901288,3.3896722624657825
14,wine,neural_net,wCV_rf_K20,0.9427753934191703,3.4585380263028886
14,wine,neural_net,JAW_KLOO_oracle_K20,0.8869814020028612,2.558679045690292
14,wine,neural_net,JAW_KLOO_lr_K20,0.977110157367668,4.491806600299718
14,wine,neural_net,JAW_KLOO_rf_K20,0.8669527896995708,2.5050676808274703
14,wine,neural_net,JAW_KLOO_oracle_det_K20,0.9828326180257511,3.883192821477743
14,wine,neural_net,JAW_KLOO_lr_det_K20,0.977110157367668,3.4669227063478143
14,wine,neural_net,JAW_KLOO_rf_det_K20,0.9899856938483548,4.145980350291751
14,wine,neural_net,CV+_K25,0.8955650929899857,2.944020752849749
14,wine,neural_net,wCV_oracle_K25,0.9670958512160229,3.38686147672866
14,wine,neural_net,wCV_lr_K25,0.9656652360515021,3.366562322948874
14,wine,neural_net,wCV_rf_K25,0.9556509298998569,3.3563767540780924
14,wine,neural_net,JAW_KLOO_oracle_K25,0.9628040057224606,3.609930783968678
14,wine,neural_net,JAW_KLOO_lr_K25,0.9313304721030042,3.151069409979055
14,wine,neural_net,JAW_KLOO_rf_K25,0.8898426323319027,2.630059999535778
14,wine,neural_net,JAW_KLOO_oracle_det_K25,0.9828326180257511,3.8199336855049113
14,wine,neural_net,JAW_KLOO_lr_det_K25,0.9828326180257511,3.862103648303222
14,wine,neural_net,JAW_KLOO_rf_det_K25,0.9899856938483548,3.9714305799456966
14,wine,neural_net,CV+_K50,0.8812589413447782,2.760842847540606
14,wine,neural_net,wCV_oracle_K50,0.9685264663805436,3.5592354730290268
14,wine,neural_net,wCV_lr_K50,0.9685264663805436,3.5555624796727985
14,wine,neural_net,wCV_rf_K50,0.9527896995708155,3.3832324865273637
14,wine,neural_net,JAW_KLOO_oracle_K50,0.9484978540772532,3.154010191375897
14,wine,neural_net,JAW_KLOO_lr_K50,0.9055793991416309,2.9475035188203815
14,wine,neural_net,JAW_KLOO_rf_K50,0.9556509298998569,3.5129651842651386
14,wine,neural_net,JAW_KLOO_oracle_det_K50,0.9799713876967096,3.5380172888314263
14,wine,neural_net,JAW_KLOO_lr_det_K50,0.9756795422031473,3.4588986424213246
14,wine,neural_net,JAW_KLOO_rf_det_K50,0.9799713876967096,3.647235082394338
15,wine,neural_net,naive,0.7725321888412017,1.9998923242639979
15,wine,neural_net,jackknife,0.882689556509299,2.451390318060856
15,wine,neural_net,jackknife+,0.8884120171673819,2.440020548853905
15,wine,neural_net,jackknife-mm,0.9513590844062947,3.102851711176707
15,wine,neural_net,split,0.7811158798283262,2.282018053173134
15,wine,neural_net,weighted_split_oracle,0.8311874105865522,2.0440735027793853
15,wine,neural_net,weighted_split_lr,0.8469241773962805,2.282018053173134
15,wine,neural_net,weighted_split_rf,0.8397711015736766,2.282018053173134
15,wine,neural_net,JAW_oracle,0.9155937052932761,2.664476843936897
15,wine,neural_net,JAW_lr,0.9170243204577968,2.678606138873614
15,wine,neural_net,JAW_rf,0.9155937052932761,2.6249025086309627
15,wine,neural_net,JAWmm_oracle,0.9713876967095851,3.236279287750267
15,wine,neural_net,JAWmm_lr,0.9713876967095851,3.236279287750267
15,wine,neural_net,JAWmm_rf,0.9713876967095851,3.236279287750267
15,wine,neural_net,CV+_K5,0.9256080114449213,2.6427913477983003
15,wine,neural_net,wCV_oracle_K5,0.9384835479256081,2.766509173696667
15,wine,neural_net,wCV_lr_K5,0.9384835479256081,2.8088445292615543
15,wine,neural_net,wCV_rf_K5,0.9384835479256081,2.797414783943931
15,wine,neural_net,JAW_KLOO_oracle_K5,0.9484978540772532,3.2387296496041955
15,wine,neural_net,JAW_KLOO_lr_K5,0.9828326180257511,3.920899002861793
15,wine,neural_net,JAW_KLOO_rf_K5,0.9370529327610873,3.1618012571852603
15,wine,neural_net,JAW_KLOO_oracle_det_K5,0.9513590844062947,2.5848178946344156
15,wine,neural_net,JAW_KLOO_lr_det_K5,0.9513590844062947,2.5848178946344156
15,wine,neural_net,JAW_KLOO_rf_det_K5,0.9513590844062947,2.5848178946344156
15,wine,neural_net,CV+_K10,0.9055793991416309,2.5172594803728687
15,wine,neural_net,wCV_oracle_K10,0.9098712446351931,2.6815844207679485
15,wine,neural_net,wCV_lr_K10,0.9098712446351931,2.7124522459111766
15,wine,neural_net,wCV_rf_K10,0.9256080114449213,2.67696759925341
15,wine,neural_net,JAW_KLOO_oracle_K10,0.9012875536480687,2.5848178946344156
15,wine,neural_net,JAW_KLOO_lr_K10,0.9170243204577968,2.604278314825878
15,wine,neural_net,JAW_KLOO_rf_K10,0.6280400572246065,1.3794351765911257
15,wine,neural_net,JAW_KLOO_oracle_det_K10,0.9527896995708155,2.5848178946344156
15,wine,neural_net,JAW_KLOO_lr_det_K10,0.9570815450643777,2.5848178946344156
15,wine,neural_net,JAW_KLOO_rf_det_K10,0.9556509298998569,2.5848178946344156
15,wine,neural_net,CV+_K20,0.8855507868383404,2.450030313111596
15,wine,neural_net,wCV_oracle_K20,0.9513590844062947,3.1332514331219254
15,wine,neural_net,wCV_lr_K20,0.9470672389127325,3.1119330720181004
15,wine,neural_net,wCV_rf_K20,0.9399141630901288,2.832383674182325
15,wine,neural_net,JAW_KLOO_oracle_K20,0.9585121602288984,3.1443812828032955
15,wine,neural_net,JAW_KLOO_lr_K20,0.9098712446351931,2.6461107263567207
15,wine,neural_net,JAW_KLOO_rf_K20,0.9284692417739628,3.100985884141372
15,wine,neural_net,JAW_KLOO_oracle_det_K20,0.9527896995708155,2.799089547519536
15,wine,neural_net,JAW_KLOO_lr_det_K20,0.9570815450643777,2.766964055599235
15,wine,neural_net,JAW_KLOO_rf_det_K20,0.9527896995708155,2.7932255059993665
15,wine,neural_net,CV+_K25,0.8841201716738197,2.410397457134793
15,wine,neural_net,wCV_oracle_K25,0.9599427753934192,3.264742934043184
15,wine,neural_net,wCV_lr_K25,0.9542203147353362,3.221883295216305
15,wine,neural_net,wCV_rf_K25,0.9370529327610873,2.7025136657464843
15,wine,neural_net,JAW_KLOO_oracle_K25,0.9170243204577968,2.8246706434085747
15,wine,neural_net,JAW_KLOO_lr_K25,0.9341917024320457,3.1574480177437243
15,wine,neural_net,JAW_KLOO_rf_K25,0.8884120171673819,2.3317146258906316
15,wine,neural_net,JAW_KLOO_oracle_det_K25,0.927038626609442,2.736318287376955
15,wine,neural_net,JAW_KLOO_lr_det_K25,0.949928469241774,2.8868551131319142
15,wine,neural_net,JAW_KLOO_rf_det_K25,0.9470672389127325,2.7331329577337993
15,wine,neural_net,CV+_K50,0.8884120171673819,2.4202864215524906
15,wine,neural_net,wCV_oracle_K50,0.8969957081545065,2.494362407375819
15,wine,neural_net,wCV_lr_K50,0.8969957081545065,2.5155818427519936
15,wine,neural_net,wCV_rf_K50,0.9127324749642346,2.5032486320351035
15,wine,neural_net,JAW_KLOO_oracle_K50,0.9184549356223176,2.6717074332281836
15,wine,neural_net,JAW_KLOO_lr_K50,0.8912732474964234,2.573159028496617
15,wine,neural_net,JAW_KLOO_rf_K50,0.882689556509299,2.399742393125993
15,wine,neural_net,JAW_KLOO_oracle_det_K50,0.9284692417739628,2.7132432989384956
15,wine,neural_net,JAW_KLOO_lr_det_K50,0.9170243204577968,2.736592144159517
15,wine,neural_net,JAW_KLOO_rf_det_K50,0.9484978540772532,2.8175531089787524
16,wine,neural_net,naive,0.7467811158798283,1.8467164519783807
16,wine,neural_net,jackknife,0.8783977110157367,2.264782290721211
16,wine,neural_net,jackknife+,0.8855507868383404,2.264782290721211
16,wine,neural_net,jackknife-mm,0.9413447782546495,2.8581222020552577
16,wine,neural_net,split,0.8898426323319027,2.4579141491958723
16,wine,neural_net,weighted_split_oracle,0.9484978540772532,2.8548804050949883
16,wine,neural_net,weighted_split_lr,0.9484978540772532,2.8548804050949883
16,wine,neural_net,weighted_split_rf,0.9542203147353362,2.8548804050949883
16,wine,neural_net,JAW_oracle,0.9699570815450643,3.294880168634764
16,wine,neural_net,JAW_lr,0.9699570815450643,3.30105597877638
16,wine,neural_net,JAW_rf,0.9570815450643777,3.2008606192244082
16,wine,neural_net,JAWmm_oracle,0.9899856938483548,3.821520379417807
16,wine,neural_net,JAWmm_lr,0.9899856938483548,3.821520379417807
16,wine,neural_net,JAWmm_rf,0.9842632331902719,3.594148784315097
16,wine,neural_net,CV+_K5,0.8783977110157367,2.257121775317434
16,wine,neural_net,wCV_oracle_K5,0.9570815450643777,3.250214436708829
16,wine,neural_net,wCV_lr_K5,0.9570815450643777,3.1184779519485692
16,wine,neural_net,wCV_rf_K5,0.9814020028612304,3.674418909123304
16,wine,neural_net,JAW_KLOO_oracle_K5,0.9527896995708155,3.2281804680837602
16,wine,neural_net,JAW_KLOO_lr_K5,0.9527896995708155,3.2281804680837602
16,wine,neural_net,JAW_KLOO_rf_K5,0.9527896995708155,3.2281804680837602
16,wine,neural_net,JAW_KLOO_oracle_det_K5,0.9699570815450643,3.2281804680837602
16,wine,neural_net,JAW_KLOO_lr_det_K5,0.9885550786838341,3.7638576324059176
16,wine,neural_net,JAW_KLOO_rf_det_K5,0.9699570815450643,3.2281804680837602
16,wine,neural_net,CV+_K10,0.8812589413447782,2.219104327964409
16,wine,neural_net,wCV_oracle_K10,0.9527896995708155,3.2189471968657557
16,wine,neural_net,wCV_lr_K10,0.9513590844062947,3.0631769938982805
16,wine,neural_net,wCV_rf_K10,0.9842632331902719,3.6765072773085627
16,wine,neural_net,JAW_KLOO_oracle_K10,0.9699570815450643,3.493112064435434
16,wine,neural_net,JAW_KLOO_lr_K10,0.9527896995708155,3.2281804680837602
16,wine,neural_net,JAW_KLOO_rf_K10,0.9527896995708155,3.2281804680837602
16,wine,neural_net,JAW_KLOO_oracle_det_K10,0.9842632331902719,3.603145091738731
16,wine,neural_net,JAW_KLOO_lr_det_K10,0.9785407725321889,3.622962511451636
16,wine,neural_net,JAW_KLOO_rf_det_K10,0.9842632331902719,3.6752469927742
16,wine,neural_net,CV+_K20,0.8783977110157367,2.24114915064344
16,wine,neural_net,wCV_oracle_K20,0.9685264663805436,3.3751320624636074
16,wine,neural_net,wCV_lr_K20,0.9642346208869814,3.330346620137173
16,wine,neural_net,wCV_rf_K20,0.9713876967095851,3.51690591580358
16,wine,neural_net,JAW_KLOO_oracle_K20,0.9313304721030042,2.9763474750584216
16,wine,neural_net,JAW_KLOO_lr_K20,0.8640915593705293,2.532898471189566
16,wine,neural_net,JAW_KLOO_rf_K20,0.899856938483548,2.736446544361831
16,wine,neural_net,JAW_KLOO_oracle_det_K20,0.9728183118741058,3.583405120794046
16,wine,neural_net,JAW_KLOO_lr_det_K20,0.9728183118741058,3.5326195618783043
16,wine,neural_net,JAW_KLOO_rf_det_K20,0.9814020028612304,3.7638576324059168
16,wine,neural_net,CV+_K25,0.8855507868383404,2.292912903235772
16,wine,neural_net,wCV_oracle_K25,0.9227467811158798,2.930441704109511
16,wine,neural_net,wCV_lr_K25,0.9155937052932761,2.8974477303314288
16,wine,neural_net,wCV_rf_K25,0.9313304721030042,2.939621148357407
16,wine,neural_net,JAW_KLOO_oracle_K25,0.9785407725321889,3.8047778527274865
16,wine,neural_net,JAW_KLOO_lr_K25,0.9628040057224606,3.4416644434052523
16,wine,neural_net,JAW_KLOO_rf_K25,0.9527896995708155,3.1143067503539674
16,wine,neural_net,JAW_KLOO_oracle_det_K25,0.9699570815450643,3.4944388077714645
16,wine,neural_net,JAW_KLOO_lr_det_K25,0.9699570815450643,3.5313363420086796
16,wine,neural_net,JAW_KLOO_rf_det_K25,0.9785407725321889,3.6158665042594915
16,wine,neural_net,CV+_K50,0.8855507868383404,2.2464345196870177
16,wine,neural_net,wCV_oracle_K50,0.9742489270386266,3.4728067841947743
16,wine,neural_net,wCV_lr_K50,0.9742489270386266,3.4722249109135737
16,wine,neural_net,wCV_rf_K50,0.9556509298998569,3.0640109973505467
16,wine,neural_net,JAW_KLOO_oracle_K50,0.9599427753934192,3.3301541603822455
16,wine,neural_net,JAW_KLOO_lr_K50,0.9585121602288984,3.360496762016423
16,wine,neural_net,JAW_KLOO_rf_K50,0.9370529327610873,3.180671935238431
16,wine,neural_net,JAW_KLOO_oracle_det_K50,0.9699570815450643,3.3985436885779325
16,wine,neural_net,JAW_KLOO_lr_det_K50,0.9699570815450643,3.4646584433260177
16,wine,neural_net,JAW_KLOO_rf_det_K50,0.9699570815450643,3.4289213240946177
17,wine,neural_net,naive,0.8383404864091559,2.0245659254718866
17,wine,neural_net,jackknife,0.8912732474964234,2.4726956222802716
17,wine,neural_net,jackknife+,0.8927038626609443,2.63142496299581
17,wine,neural_net,jackknife-mm,0.9785407725321889,3.7912882319843275
17,wine,neural_net,split,0.8683834048640916,2.9350257241250546
17,wine,neural_net,weighted_split_oracle,0.9928469241773963,4.839310289194424
17,wine,neural_net,weighted_split_lr,0.9828326180257511,4.839310289194424
17,wine,neural_net,weighted_split_rf,0.9599427753934192,3.3188236478707225
17,wine,neural_net,JAW_oracle,0.9728183118741058,3.8974322246773605
17,wine,neural_net,JAW_lr,0.9728183118741058,3.8119569431724614
17,wine,neural_net,JAW_rf,0.9613733905579399,3.387977028014695
17,wine,neural_net,JAWmm_oracle,1.0,5.067160730759848
17,wine,neural_net,JAWmm_lr,1.0,5.067160730759848
17,wine,neural_net,JAWmm_rf,0.9971387696709585,4.367528383425422
17,wine,neural_net,CV+_K5,0.9227467811158798,2.741338815203121
17,wine,neural_net,wCV_oracle_K5,0.9670958512160229,3.261061043541174
17,wine,neural_net,wCV_lr_K5,0.9670958512160229,3.238145695939835
17,wine,neural_net,wCV_rf_K5,0.9599427753934192,3.1173879749073716
17,wine,neural_net,JAW_KLOO_oracle_K5,0.8669527896995708,2.379756071633519
17,wine,neural_net,JAW_KLOO_lr_K5,0.9985693848354793,4.189605508003556
17,wine,neural_net,JAW_KLOO_rf_K5,0.9570815450643777,3.3122131990243595
17,wine,neural_net,JAW_KLOO_oracle_det_K5,0.9985693848354793,4.2114743800001335
17,wine,neural_net,JAW_KLOO_lr_det_K5,0.9985693848354793,4.224038072593264
17,wine,neural_net,JAW_KLOO_rf_det_K5,0.9985693848354793,4.228184183572251
17,wine,neural_net,CV+_K10,0.9227467811158798,2.7687802901218435
17,wine,neural_net,wCV_oracle_K10,0.9227467811158798,2.824157535505188
17,wine,neural_net,wCV_lr_K10,0.9227467811158798,2.866732830295218
17,wine,neural_net,wCV_rf_K10,0.9298998569384835,2.8342964782220523
17,wine,neural_net,JAW_KLOO_oracle_K10,0.9713876967095851,3.7485681210557917
17,wine,neural_net,JAW_KLOO_lr_K10,0.9985693848354793,4.003717592778385
17,wine,neural_net,JAW_KLOO_rf_K10,1.0,inf
17,wine,neural_net,JAW_KLOO_oracle_det_K10,0.9957081545064378,4.101479479982507
17,wine,neural_net,JAW_KLOO_lr_det_K10,0.9957081545064378,4.101479479982507
17,wine,neural_net,JAW_KLOO_rf_det_K10,0.9985693848354793,4.3914057199834735
17,wine,neural_net,CV+_K20,0.9098712446351931,2.609295698596733
17,wine,neural_net,wCV_oracle_K20,0.9613733905579399,3.3952800921313546
17,wine,neural_net,wCV_lr_K20,0.9570815450643777,3.3439341570592607
17,wine,neural_net,wCV_rf_K20,0.9356223175965666,3.174801253344513
17,wine,neural_net,JAW_KLOO_oracle_K20,0.9585121602288984,3.7485681210557917
17,wine,neural_net,JAW_KLOO_lr_K20,0.944206008583691,3.649875221241855
17,wine,neural_net,JAW_KLOO_rf_K20,0.9542203147353362,3.4881399301296083
17,wine,neural_net,JAW_KLOO_oracle_det_K20,0.9957081545064378,4.065276883479715
17,wine,neural_net,JAW_KLOO_lr_det_K20,0.9971387696709585,4.138059267486106
17,wine,neural_net,JAW_KLOO_rf_det_K20,0.9957081545064378,inf
17,wine,neural_net,CV+_K25,0.9241773962804005,2.693157255828539
17,wine,neural_net,wCV_oracle_K25,0.9899856938483548,4.507634085740214
17,wine,neural_net,wCV_lr_K25,0.9871244635193133,3.9382322184227023
17,wine,neural_net,wCV_rf_K25,0.9556509298998569,3.138054494809195
17,wine,neural_net,JAW_KLOO_oracle_K25,0.9799713876967096,3.9793128742787696
17,wine,neural_net,JAW_KLOO_lr_K25,0.9885550786838341,4.20443098096705
17,wine,neural_net,JAW_KLOO_rf_K25,0.927038626609442,3.199130576181525
17,wine,neural_net,JAW_KLOO_oracle_det_K25,0.9971387696709585,4.138059267486106
17,wine,neural_net,JAW_KLOO_lr_det_K25,0.9971387696709585,4.154267672980092
17,wine,neural_net,JAW_KLOO_rf_det_K25,0.994277539341917,4.176371415244967
17,wine,neural_net,CV+_K50,0.899856938483548,2.583406197266413
17,wine,neural_net,wCV_oracle_K50,0.9642346208869814,3.6109197408359206
17,wine,neural_net,wCV_lr_K50,0.9628040057224606,3.56458715619078
17,wine,neural_net,wCV_rf_K50,0.949928469241774,3.189657846204181
17,wine,neural_net,JAW_KLOO_oracle_K50,0.9899856938483548,4.182157738748482
17,wine,neural_net,JAW_KLOO_lr_K50,0.977110157367668,3.852398287522396
17,wine,neural_net,JAW_KLOO_rf_K50,0.9799713876967096,3.9789960673922717
17,wine,neural_net,JAW_KLOO_oracle_det_K50,0.994277539341917,4.022669274839157
17,wine,neural_net,JAW_KLOO_lr_det_K50,0.9957081545064378,4.023823561712631
17,wine,neural_net,JAW_KLOO_rf_det_K50,0.9957081545064378,3.981266336542588
18,wine,neural_net,naive,0.7811158798283262,1.9801389140110697
18,wine,neural_net,jackknife,0.8569384835479256,2.389662232983502
18,wine,neural_net,jackknife+,0.8912732474964234,2.4680883071892454
18,wine,neural_net,jackknife-mm,0.9785407725321889,3.2091001116485574
18,wine,neural_net,split,0.8540772532188842,2.4125651895602473
18,wine,neural_net,weighted_split_oracle,0.8583690987124464,2.2108835515915732
18,wine,neural_net,weighted_split_lr,0.8540772532188842,2.12265488921971
18,wine,neural_net,weighted_split_rf,0.9113018597997139,2.536304243529889
18,wine,neural_net,JAW_oracle,0.9713876967095851,3.0467595575669106
18,wine,neural_net,JAW_lr,0.9470672389127325,2.7419194026406126
18,wine,neural_net,JAW_rf,0.9084406294706724,2.574727187093936
18,wine,neural_net,JAWmm_oracle,0.9842632331902719,3.495615782911732
18,wine,neural_net,JAWmm_lr,0.9842632331902719,3.495615782911732
18,wine,neural_net,JAWmm_rf,0.9756795422031473,3.113185884835098
18,wine,neural_net,CV+_K5,0.9084406294706724,2.5567959091639008
18,wine,neural_net,wCV_oracle_K5,0.9756795422031473,3.230943618759551
18,wine,neural_net,wCV_lr_K5,0.9570815450643777,2.8340200689280177
18,wine,neural_net,wCV_rf_K5,0.9241773962804005,2.704409894270249
18,wine,neural_net,JAW_KLOO_oracle_K5,0.6723891273247496,1.4991699543914416
18,wine,neural_net,JAW_KLOO_lr_K5,0.949928469241774,3.130369863025239
18,wine,neural_net,JAW_KLOO_rf_K5,0.9985693848354793,4.597749861265093
18,wine,neural_net,JAW_KLOO_oracle_det_K5,1.0,7.87391874775822
18,wine,neural_net,JAW_KLOO_lr_det_K5,1.0,7.8739187477582195
18,wine,neural_net,JAW_KLOO_rf_det_K5,1.0,7.87391874775822
18,wine,neural_net,CV+_K10,0.8984263233190272,2.464403413538287
18,wine,neural_net,wCV_oracle_K10,0.9842632331902719,3.3156846298938385
18,wine,neural_net,wCV_lr_K10,0.932761087267525,2.6346575097272344
18,wine,neural_net,wCV_rf_K10,0.9113018597997139,2.553826729821128
18,wine,neural_net,JAW_KLOO_oracle_K10,0.7896995708154506,2.096157704221918
18,wine,neural_net,JAW_KLOO_lr_K10,0.9484978540772532,3.207690614370657
18,wine,neural_net,JAW_KLOO_rf_K10,0.8483547925608012,2.357463498793364
18,wine,neural_net,JAW_KLOO_oracle_det_K10,1.0,7.87391874775822
18,wine,neural_net,JAW_KLOO_lr_det_K10,1.0,7.87391874775822
18,wine,neural_net,JAW_KLOO_rf_det_K10,1.0,7.87391874775822
18,wine,neural_net,CV+_K20,0.8755364806866953,2.4755916877851236
18,wine,neural_net,wCV_oracle_K20,0.9670958512160229,3.0442856574360837
18,wine,neural_net,wCV_lr_K20,0.944206008583691,2.663216976990288
18,wine,neural_net,wCV_rf_K20,0.9041487839771102,2.579361623939082
18,wine,neural_net,JAW_KLOO_oracle_K20,1.0,7.8739187477582195
18,wine,neural_net,JAW_KLOO_lr_K20,0.9370529327610873,5.131002430425037
18,wine,neural_net,JAW_KLOO_rf_K20,0.9356223175965666,2.9644078004352643
18,wine,neural_net,JAW_KLOO_oracle_det_K20,1.0,7.87391874775822
18,wine,neural_net,JAW_KLOO_lr_det_K20,1.0,7.87391874775822
18,wine,neural_net,JAW_KLOO_rf_det_K20,0.9856938483547926,5.6562414647000105
18,wine,neural_net,CV+_K25,0.8841201716738197,2.4440896650393746
18,wine,neural_net,wCV_oracle_K25,0.9756795422031473,3.1502611160148106
18,wine,neural_net,wCV_lr_K25,0.9470672389127325,2.746667101191921
18,wine,neural_net,wCV_rf_K25,0.9070100143061517,2.637773285151961
18,wine,neural_net,JAW_KLOO_oracle_K25,0.9055793991416309,2.6517713271732397
18,wine,neural_net,JAW_KLOO_lr_K25,0.8812589413447782,2.5487442879724505
18,wine,neural_net,JAW_KLOO_rf_K25,0.8483547925608012,2.290164617523624
18,wine,neural_net,JAW_KLOO_oracle_det_K25,1.0,7.87391874775822
18,wine,neural_net,JAW_KLOO_lr_det_K25,1.0,inf
18,wine,neural_net,JAW_KLOO_rf_det_K25,0.9828326180257511,5.37651452484743
18,wine,neural_net,CV+_K50,0.8526466380543634,2.3258715350853576
18,wine,neural_net,wCV_oracle_K50,0.977110157367668,3.2141615129266077
18,wine,neural_net,wCV_lr_K50,0.9213161659513591,2.546922910585309
18,wine,neural_net,wCV_rf_K50,0.8841201716738197,2.4859988232975523
18,wine,neural_net,JAW_KLOO_oracle_K50,0.894134477825465,2.771615399483995
18,wine,neural_net,JAW_KLOO_lr_K50,0.9213161659513591,2.7435549047080716
18,wine,neural_net,JAW_KLOO_rf_K50,0.8569384835479256,2.292035339748189
18,wine,neural_net,JAW_KLOO_oracle_det_K50,1.0,inf
18,wine,neural_net,JAW_KLOO_lr_det_K50,0.9728183118741058,3.156918190617813
18,wine,neural_net,JAW_KLOO_rf_det_K50,0.9427753934191703,2.958418718661397
19,wine,neural_net,naive,0.8412017167381974,2.17945166809978
19,wine,neural_net,jackknife,0.8912732474964234,2.4412039984174374
19,wine,neural_net,jackknife+,0.9055793991416309,2.5162553504290512
19,wine,neural_net,jackknife-mm,0.9556509298998569,3.1027900290929633
19,wine,neural_net,split,0.844062947067239,2.5986760397316324
19,wine,neural_net,weighted_split_oracle,0.9084406294706724,2.597623221295482
19,wine,neural_net,weighted_split_lr,0.9141630901287554,2.597623221295482
19,wine,neural_net,weighted_split_rf,0.9155937052932761,2.5986760397316324
19,wine,neural_net,JAW_oracle,0.9155937052932761,2.6610655717865113
19,wine,neural_net,JAW_lr,0.9155937052932761,2.6510764833812903
19,wine,neural_net,JAW_rf,0.9298998569384835,2.6918503802822675
19,wine,neural_net,JAWmm_oracle,0.9656652360515021,3.187469413427344
19,wine,neural_net,JAWmm_lr,0.9656652360515021,3.187469413427344
19,wine,neural_net,JAWmm_rf,0.9656652360515021,3.187469413427344
19,wine,neural_net,CV+_K5,0.9298998569384835,2.822092416476492
19,wine,neural_net,wCV_oracle_K5,0.9427753934191703,2.8268234067836024
19,wine,neural_net,wCV_lr_K5,0.9341917024320457,2.6261699942856582
19,wine,neural_net,wCV_rf_K5,0.9542203147353362,3.068546850701483
19,wine,neural_net,JAW_KLOO_oracle_K5,0.9756795422031473,3.8945283457942015
19,wine,neural_net,JAW_KLOO_lr_K5,0.7453505007153076,1.9015218288794848
19,wine,neural_net,JAW_KLOO_rf_K5,0.8540772532188842,2.525883382751818
19,wine,neural_net,JAW_KLOO_oracle_det_K5,0.9484978540772532,2.6089432149962803
19,wine,neural_net,JAW_KLOO_lr_det_K5,0.9484978540772532,2.605656664580608
19,wine,neural_net,JAW_KLOO_rf_det_K5,0.949928469241774,2.6165236308323587
19,wine,neural_net,CV+_K10,0.9055793991416309,2.553573591805204
19,wine,neural_net,wCV_oracle_K10,0.9484978540772532,3.0437739249168825
19,wine,neural_net,wCV_lr_K10,0.9484978540772532,3.0317033813518393
19,wine,neural_net,wCV_rf_K10,0.9484978540772532,3.03179425395982
19,wine,neural_net,JAW_KLOO_oracle_K10,0.9685264663805436,3.396693553591584
19,wine,neural_net,JAW_KLOO_lr_K10,0.894134477825465,2.4749764176022317
19,wine,neural_net,JAW_KLOO_rf_K10,0.8655221745350501,2.2779310574932676
19,wine,neural_net,JAW_KLOO_oracle_det_K10,0.9513590844062947,2.6413728635580522
19,wine,neural_net,JAW_KLOO_lr_det_K10,0.9484978540772532,2.6200166664777633
19,wine,neural_net,JAW_KLOO_rf_det_K10,0.9670958512160229,2.7089644450517936
19,wine,neural_net,CV+_K20,0.9127324749642346,2.6111684887705238
19,wine,neural_net,wCV_oracle_K20,0.9570815450643777,3.0214514146172053
19,wine,neural_net,wCV_lr_K20,0.9570815450643777,3.010482754753265
19,wine,neural_net,wCV_rf_K20,0.9570815450643777,2.9405292811905204
19,wine,neural_net,JAW_KLOO_oracle_K20,0.9399141630901288,3.057661452392469
19,wine,neural_net,JAW_KLOO_lr_K20,0.9670958512160229,3.3792134419790347
19,wine,neural_net,JAW_KLOO_rf_K20,0.8984263233190272,2.587571754072453
19,wine,neural_net,JAW_KLOO_oracle_det_K20,0.9628040057224606,2.9727978873169834
19,wine,neural_net,JAW_KLOO_lr_det_K20,0.9756795422031473,3.35205731011059
19,wine,neural_net,JAW_KLOO_rf_det_K20,0.9842632331902719,3.3151518811991014
19,wine,neural_net,CV+_K25,0.9012875536480687,2.43884955740081
19,wine,neural_net,wCV_oracle_K25,0.9184549356223176,2.6121722184470686
19,wine,neural_net,wCV_lr_K25,0.9155937052932761,2.586387113774647
19,wine,neural_net,wCV_rf_K25,0.9127324749642346,2.622758650010992
19,wine,neural_net,JAW_KLOO_oracle_K25,0.9527896995708155,3.0145432925335616
19,wine,neural_net,JAW_KLOO_lr_K25,0.9356223175965666,2.939912966097591
19,wine,neural_net,JAW_KLOO_rf_K25,0.9756795422031473,3.616961633602423
19,wine,neural_net,JAW_KLOO_oracle_det_K25,0.9699570815450643,3.0248302923730455
19,wine,neural_net,JAW_KLOO_lr_det_K25,0.9756795422031473,3.344557555241493
19,wine,neural_net,JAW_KLOO_rf_det_K25,0.9814020028612304,3.2457030981698534
19,wine,neural_net,CV+_K50,0.9098712446351931,2.583234746732302
19,wine,neural_net,wCV_oracle_K50,0.9313304721030042,2.8319030875182873
19,wine,neural_net,wCV_lr_K50,0.9313304721030042,2.8281688954223627
19,wine,neural_net,wCV_rf_K50,0.9313304721030042,2.8119996374386664
19,wine,neural_net,JAW_KLOO_oracle_K50,0.9613733905579399,3.1598952271529717
19,wine,neural_net,JAW_KLOO_lr_K50,0.932761087267525,2.8716385263105666
19,wine,neural_net,JAW_KLOO_rf_K50,0.9384835479256081,2.829794902669372
19,wine,neural_net,JAW_KLOO_oracle_det_K50,0.9699570815450643,3.010369707275234
19,wine,neural_net,JAW_KLOO_lr_det_K50,0.9685264663805436,2.9156843575488773
19,wine,neural_net,JAW_KLOO_rf_det_K50,0.9742489270386266,3.095810532951326
